﻿{
  "type": "force",
  "categories": [
    {
      "name": "Isolates",
      "keyword": {},
      "itemStyle": {
        "color": "grey"
      }
    },
    {
      "name": "Connectors",
      "keyword": {},
      "itemStyle": {
        "color": "#A7A250"
      }
    },
    {
      "name": "Influencers",
      "keyword": {},
      "itemStyle": {
        "color": "#6D9881"
      }
    },
    {
      "name": "Brokers",
      "keyword": {},
      "itemStyle": {
        "color": "#E6AC3B"
      }
    }
  ],
  "nodes": [
    {
      "name": "Lisa Munzenmaier",
      "value": 88.93,
      "symbolSize": 14,
      "category": 3
    },
    {
      "name": "Arunima Kumar",
      "value": 72.19,
      "symbolSize": 12,
      "category": 0
    },
    {
      "name": "Jack Wang",
      "value": 69.53,
      "symbolSize": 11,
      "category": 0
    },
    {
      "name": "Drew Bates",
      "value": 0,
      "symbolSize": 5,
      "category": 0
    },
    {
      "name": "Ashutosh Uday Apte",
      "value": 75.98,
      "symbolSize": 12,
      "category": 0
    },
    {
      "name": "Paige Dos Santos",
      "value": 0,
      "symbolSize": 5,
      "category": 0
    },
    {
      "name": "David Cruickshank",
      "value": 0,
      "symbolSize": 5,
      "category": 0
    },
    {
      "name": "Mikhail Fedorov",
      "value": 0,
      "symbolSize": 5,
      "category": 0
    },
    {
      "name": "Brad Caldwell",
      "value": 66.25,
      "symbolSize": 11,
      "category": 0
    },
    {
      "name": "Alain Dumas",
      "value": 79.0,
      "symbolSize": 13,
      "category": 0
    },
    {
      "name": "Pat Saporito",
      "value": 0,
      "symbolSize": 5,
      "category": 0
    },
    {
      "name": "Tsugi Momoki",
      "value": 0,
      "symbolSize": 5,
      "category": 0
    },
    {
      "name": "Florian Albrecht",
      "value": 62.69,
      "symbolSize": 10,
      "category": 0
    },
    {
      "name": "Dennis Ruffing",
      "value": 0,
      "symbolSize": 5,
      "category": 0
    },
    {
      "name": "Oana Elisa Olteanu",
      "value": 70.41,
      "symbolSize": 11,
      "category": 0
    },
    {
      "name": "Byung Gil Yuh",
      "value": 0,
      "symbolSize": 5,
      "category": 0
    },
    {
      "name": "Carolien Bauwens",
      "value": 0,
      "symbolSize": 5,
      "category": 0
    },
    {
      "name": "Henrik KUMMEL",
      "value": 0,
      "symbolSize": 5,
      "category": 0
    },
    {
      "name": "Yueming Xiao",
      "value": 0,
      "symbolSize": 5,
      "category": 0
    },
    {
      "name": "Aubree Cote",
      "value": 0,
      "symbolSize": 5,
      "category": 0
    },
    {
      "name": "Christina Frazier",
      "value": 73.0,
      "symbolSize": 12,
      "category": 0
    },
    {
      "name": "Marianne Emporio",
      "value": 0,
      "symbolSize": 5,
      "category": 0
    },
    {
      "name": "Jody Byrne",
      "value": 0,
      "symbolSize": 5,
      "category": 0
    },
    {
      "name": "Mike Fecek",
      "value": 77.05,
      "symbolSize": 12,
      "category": 3
    },
    {
      "name": "Mona Abdel Meged",
      "value": 0,
      "symbolSize": 5,
      "category": 0
    },
    {
      "name": "Mark Gibbs",
      "value": 0,
      "symbolSize": 5,
      "category": 0
    },
    {
      "name": "Yin Wah Leong",
      "value": 0,
      "symbolSize": 5,
      "category": 0
    },
    {
      "name": "Herve ROOY",
      "value": 0,
      "symbolSize": 5,
      "category": 0
    },
    {
      "name": "Veronica Losanovscky",
      "value": 0,
      "symbolSize": 5,
      "category": 0
    },
    {
      "name": "Bruce Pell",
      "value": 0,
      "symbolSize": 5,
      "category": 0
    },
    {
      "name": "Raghav S",
      "value": 76.78,
      "symbolSize": 12,
      "category": 0
    },
    {
      "name": "Kristin McHugh",
      "value": 0,
      "symbolSize": 5,
      "category": 0
    },
    {
      "name": "MATTEO LOSI",
      "value": 0,
      "symbolSize": 5,
      "category": 0
    },
    {
      "name": "Timo Kirchner",
      "value": 69.47,
      "symbolSize": 11,
      "category": 0
    },
    {
      "name": "ERICA VIALARDI",
      "value": 68.18,
      "symbolSize": 11,
      "category": 0
    },
    {
      "name": "Francois D\\'ESSERTAUX",
      "value": 0,
      "symbolSize": 5,
      "category": 0
    },
    {
      "name": "Marcel Truempy",
      "value": 0,
      "symbolSize": 5,
      "category": 0
    },
    {
      "name": "Bogdan Grigore",
      "value": 0,
      "symbolSize": 5,
      "category": 0
    },
    {
      "name": "Madhan Ganeshan",
      "value": 0,
      "symbolSize": 5,
      "category": 0
    },
    {
      "name": "Ann Kristin Aannerud",
      "value": 0,
      "symbolSize": 5,
      "category": 0
    },
    {
      "name": "Charles Tigges",
      "value": 73.6,
      "symbolSize": 12,
      "category": 3
    },
    {
      "name": "Alycia Bolling",
      "value": 0,
      "symbolSize": 5,
      "category": 0
    },
    {
      "name": "Francois Genon-Catalot",
      "value": 0,
      "symbolSize": 5,
      "category": 0
    },
    {
      "name": "Heidi Thompson",
      "value": 0,
      "symbolSize": 5,
      "category": 0
    },
    {
      "name": "Antonio Vergara",
      "value": 0,
      "symbolSize": 5,
      "category": 0
    },
    {
      "name": "Nikhil Dalvi",
      "value": 0,
      "symbolSize": 5,
      "category": 0
    },
    {
      "name": "Claudia Smusch",
      "value": 0,
      "symbolSize": 5,
      "category": 0
    },
    {
      "name": "Lukas Masuch",
      "value": 0,
      "symbolSize": 5,
      "category": 0
    },
    {
      "name": "Scott Schwartzman",
      "value": 0,
      "symbolSize": 5,
      "category": 0
    },
    {
      "name": "Jon Christman",
      "value": 0,
      "symbolSize": 5,
      "category": 0
    },
    {
      "name": "Xheni Collaku",
      "value": 0,
      "symbolSize": 5,
      "category": 0
    },
    {
      "name": "Mastan Shaik",
      "value": 0,
      "symbolSize": 5,
      "category": 0
    },
    {
      "name": "Wolfgang Bremer",
      "value": 74.55,
      "symbolSize": 12,
      "category": 0
    },
    {
      "name": "Brian Zilberfarb",
      "value": 0,
      "symbolSize": 5,
      "category": 0
    },
    {
      "name": "Lin Wan",
      "value": 0,
      "symbolSize": 5,
      "category": 0
    },
    {
      "name": "Alexandra Bogdan",
      "value": 0,
      "symbolSize": 5,
      "category": 0
    },
    {
      "name": "Daniel Dahlmeier",
      "value": 74.69,
      "symbolSize": 12,
      "category": 3
    },
    {
      "name": "Hide Fujimoto",
      "value": 0,
      "symbolSize": 5,
      "category": 0
    },
    {
      "name": "Pushkar Ranjan",
      "value": 0,
      "symbolSize": 5,
      "category": 3
    },
    {
      "name": "Johanna Kaperi",
      "value": 74.53,
      "symbolSize": 12,
      "category": 0
    },
    {
      "name": "Fede Winer",
      "value": 0,
      "symbolSize": 5,
      "category": 0
    },
    {
      "name": "Emily Loggenberg",
      "value": 0,
      "symbolSize": 5,
      "category": 0
    },
    {
      "name": "Karsten Egetoft",
      "value": 0,
      "symbolSize": 5,
      "category": 0
    },
    {
      "name": "PAOLO GIANI",
      "value": 0,
      "symbolSize": 5,
      "category": 0
    },
    {
      "name": "Swetha Sunkara",
      "value": 0,
      "symbolSize": 5,
      "category": 0
    },
    {
      "name": "Christa Renges",
      "value": 0,
      "symbolSize": 5,
      "category": 0
    },
    {
      "name": "Hannah Vogt",
      "value": 0,
      "symbolSize": 5,
      "category": 0
    },
    {
      "name": "Beth Solomon",
      "value": 0,
      "symbolSize": 5,
      "category": 0
    },
    {
      "name": "Dawn DeFrancesco",
      "value": 0,
      "symbolSize": 5,
      "category": 0
    },
    {
      "name": "July Rizzo",
      "value": 0,
      "symbolSize": 5,
      "category": 0
    },
    {
      "name": "Jorge Granada",
      "value": 69.47,
      "symbolSize": 11,
      "category": 0
    },
    {
      "name": "Nan Wang",
      "value": 0,
      "symbolSize": 5,
      "category": 0
    },
    {
      "name": "Chris Choi",
      "value": 0,
      "symbolSize": 5,
      "category": 0
    },
    {
      "name": "Markus Meisl",
      "value": 78.93,
      "symbolSize": 13,
      "category": 0
    },
    {
      "name": "Rosa Chamorro",
      "value": 71.14,
      "symbolSize": 11,
      "category": 0
    },
    {
      "name": "Mike Smith",
      "value": 66.35,
      "symbolSize": 11,
      "category": 0
    },
    {
      "name": "Eva Woo",
      "value": 0,
      "symbolSize": 5,
      "category": 0
    },
    {
      "name": "Dante Alipio Jr",
      "value": 100.0,
      "symbolSize": 16,
      "category": 0
    },
    {
      "name": "Jacob Stark",
      "value": 0,
      "symbolSize": 5,
      "category": 0
    },
    {
      "name": "Carla Hamilton",
      "value": 0,
      "symbolSize": 5,
      "category": 0
    },
    {
      "name": "Travis Teo",
      "value": 0,
      "symbolSize": 5,
      "category": 0
    },
    {
      "name": "Ben Nottle",
      "value": 75.33,
      "symbolSize": 12,
      "category": 0
    },
    {
      "name": "Peter Beutelmann",
      "value": 0,
      "symbolSize": 5,
      "category": 0
    },
    {
      "name": "Britta Goger",
      "value": 0,
      "symbolSize": 5,
      "category": 0
    },
    {
      "name": "Natalia Ivanova",
      "value": 0,
      "symbolSize": 5,
      "category": 0
    },
    {
      "name": "Andres Rincon",
      "value": 0,
      "symbolSize": 5,
      "category": 0
    },
    {
      "name": "Stephan Meck",
      "value": 0,
      "symbolSize": 5,
      "category": 0
    },
    {
      "name": "Susan Andrews",
      "value": 62.94,
      "symbolSize": 10,
      "category": 0
    },
    {
      "name": "Dirk Kansky",
      "value": 86.69,
      "symbolSize": 14,
      "category": 0
    },
    {
      "name": "Suzanne Spencer",
      "value": 0,
      "symbolSize": 5,
      "category": 0
    },
    {
      "name": "Karen McDermott",
      "value": 0,
      "symbolSize": 5,
      "category": 0
    },
    {
      "name": "Konni Werle",
      "value": 0,
      "symbolSize": 5,
      "category": 0
    },
    {
      "name": "Ana Vibancos",
      "value": 0,
      "symbolSize": 5,
      "category": 0
    },
    {
      "name": "Simone Hartenstein",
      "value": 0,
      "symbolSize": 5,
      "category": 0
    },
    {
      "name": "David Wang",
      "value": 0,
      "symbolSize": 5,
      "category": 0
    },
    {
      "name": "Girish Dhondge",
      "value": 0,
      "symbolSize": 5,
      "category": 0
    },
    {
      "name": "Rory Johnson",
      "value": 0,
      "symbolSize": 5,
      "category": 0
    },
    {
      "name": "Anil Sule",
      "value": 0,
      "symbolSize": 5,
      "category": 0
    },
    {
      "name": "Susan Crawford",
      "value": 65.43,
      "symbolSize": 10,
      "category": 0
    },
    {
      "name": "Pedro PEREIRA",
      "value": 0,
      "symbolSize": 5,
      "category": 0
    },
    {
      "name": "Alex Kua",
      "value": 0,
      "symbolSize": 5,
      "category": 0
    },
    {
      "name": "Natalie Tan",
      "value": 0,
      "symbolSize": 5,
      "category": 0
    },
    {
      "name": "Claudia Diemer",
      "value": 0,
      "symbolSize": 5,
      "category": 0
    },
    {
      "name": "Karsten Fiolka",
      "value": 0,
      "symbolSize": 5,
      "category": 0
    },
    {
      "name": "Naren Baliga",
      "value": 0,
      "symbolSize": 5,
      "category": 0
    },
    {
      "name": "Theron Pan",
      "value": 0,
      "symbolSize": 5,
      "category": 0
    },
    {
      "name": "Alicia Rudolph",
      "value": 0,
      "symbolSize": 5,
      "category": 0
    },
    {
      "name": "Vera Geier",
      "value": 0,
      "symbolSize": 5,
      "category": 0
    },
    {
      "name": "Mandy Lin",
      "value": 0,
      "symbolSize": 5,
      "category": 0
    },
    {
      "name": "Andy Mikesell",
      "value": 0,
      "symbolSize": 5,
      "category": 0
    },
    {
      "name": "Mark Muir",
      "value": 0,
      "symbolSize": 5,
      "category": 0
    },
    {
      "name": "Hatice Cakir",
      "value": 0,
      "symbolSize": 5,
      "category": 0
    },
    {
      "name": "Carrie Lande",
      "value": 66.01,
      "symbolSize": 11,
      "category": 1
    },
    {
      "name": "Magnus Clementson",
      "value": 0,
      "symbolSize": 5,
      "category": 0
    },
    {
      "name": "John Heald",
      "value": 0,
      "symbolSize": 5,
      "category": 0
    },
    {
      "name": "Ashraf Hamed",
      "value": 0,
      "symbolSize": 5,
      "category": 0
    },
    {
      "name": "Diane McSweeney",
      "value": 0,
      "symbolSize": 5,
      "category": 0
    },
    {
      "name": "Kefeng Wang",
      "value": 0,
      "symbolSize": 5,
      "category": 0
    },
    {
      "name": "Michael Renz",
      "value": 73.9,
      "symbolSize": 12,
      "category": 0
    },
    {
      "name": "Erin Feldt",
      "value": 0,
      "symbolSize": 5,
      "category": 0
    },
    {
      "name": "Gail Moody-Byrd",
      "value": 78.59,
      "symbolSize": 13,
      "category": 2
    },
    {
      "name": "Ulf Bettinger",
      "value": 0,
      "symbolSize": 5,
      "category": 0
    },
    {
      "name": "Ivan Du",
      "value": 0,
      "symbolSize": 5,
      "category": 0
    },
    {
      "name": "Lan Feng",
      "value": 0,
      "symbolSize": 5,
      "category": 0
    },
    {
      "name": "Andreas Lueckler",
      "value": 0,
      "symbolSize": 5,
      "category": 0
    },
    {
      "name": "Donna Borden",
      "value": 0,
      "symbolSize": 5,
      "category": 0
    },
    {
      "name": "Hyun-ju Lee",
      "value": 0,
      "symbolSize": 5,
      "category": 0
    },
    {
      "name": "Hong Zhang",
      "value": 0,
      "symbolSize": 5,
      "category": 0
    },
    {
      "name": "Jacky Cheng",
      "value": 0,
      "symbolSize": 5,
      "category": 0
    },
    {
      "name": "Magen Mintchev",
      "value": 75.89,
      "symbolSize": 12,
      "category": 0
    },
    {
      "name": "David Lange",
      "value": 0,
      "symbolSize": 5,
      "category": 0
    },
    {
      "name": "Nicole Leidig",
      "value": 0,
      "symbolSize": 5,
      "category": 0
    },
    {
      "name": "Julia Caruso",
      "value": 64.99,
      "symbolSize": 10,
      "category": 0
    },
    {
      "name": "Shanker Supramaniam",
      "value": 75.17,
      "symbolSize": 12,
      "category": 0
    },
    {
      "name": "Vishy Janardhana",
      "value": 0,
      "symbolSize": 5,
      "category": 0
    },
    {
      "name": "Matthew Sell",
      "value": 0,
      "symbolSize": 5,
      "category": 1
    },
    {
      "name": "Kristen Allen",
      "value": 0,
      "symbolSize": 5,
      "category": 0
    },
    {
      "name": "Ansgar Erlenkoetter",
      "value": 0,
      "symbolSize": 5,
      "category": 0
    },
    {
      "name": "Michael Phorn",
      "value": 0,
      "symbolSize": 5,
      "category": 0
    },
    {
      "name": "Sarah Mohammadian",
      "value": 62.44,
      "symbolSize": 10,
      "category": 0
    },
    {
      "name": "Robert Richardson",
      "value": 0,
      "symbolSize": 5,
      "category": 0
    },
    {
      "name": "Rita Shapiro-Das",
      "value": 67.36,
      "symbolSize": 11,
      "category": 0
    },
    {
      "name": "Mark Miserak",
      "value": 0,
      "symbolSize": 5,
      "category": 0
    },
    {
      "name": "Julia Wagner",
      "value": 0,
      "symbolSize": 5,
      "category": 0
    },
    {
      "name": "Maria Serrano Bernal",
      "value": 0,
      "symbolSize": 5,
      "category": 0
    },
    {
      "name": "Katrin Seifert",
      "value": 0,
      "symbolSize": 5,
      "category": 0
    },
    {
      "name": "Michael Kuehn",
      "value": 0,
      "symbolSize": 5,
      "category": 0
    },
    {
      "name": "Jamie Tubman",
      "value": 0,
      "symbolSize": 5,
      "category": 0
    },
    {
      "name": "Edward Schreckling",
      "value": 0,
      "symbolSize": 5,
      "category": 0
    },
    {
      "name": "Jen Morrow",
      "value": 0,
      "symbolSize": 5,
      "category": 0
    },
    {
      "name": "Adem Baykal",
      "value": 0,
      "symbolSize": 5,
      "category": 0
    },
    {
      "name": "Kaitlin Tanzos",
      "value": 67.85,
      "symbolSize": 11,
      "category": 0
    },
    {
      "name": "Stephanie Muench",
      "value": 82.46,
      "symbolSize": 13,
      "category": 0
    },
    {
      "name": "Stephanie Waters",
      "value": 0,
      "symbolSize": 5,
      "category": 0
    },
    {
      "name": "Milja Gillespie",
      "value": 78.26,
      "symbolSize": 13,
      "category": 0
    },
    {
      "name": "Vanessa Ko",
      "value": 0,
      "symbolSize": 5,
      "category": 0
    },
    {
      "name": "Yann LEMAN",
      "value": 0,
      "symbolSize": 5,
      "category": 0
    },
    {
      "name": "Michael Smith",
      "value": 0,
      "symbolSize": 5,
      "category": 0
    },
    {
      "name": "Kakeru Tsubota",
      "value": 65.94,
      "symbolSize": 10,
      "category": 0
    },
    {
      "name": "Jie Che",
      "value": 0,
      "symbolSize": 5,
      "category": 0
    },
    {
      "name": "Sonja Butollo",
      "value": 0,
      "symbolSize": 5,
      "category": 0
    },
    {
      "name": "Thom David",
      "value": 0,
      "symbolSize": 5,
      "category": 0
    },
    {
      "name": "Thomas Jenewein",
      "value": 0,
      "symbolSize": 5,
      "category": 0
    },
    {
      "name": "Jasmine Ekvy",
      "value": 0,
      "symbolSize": 5,
      "category": 0
    },
    {
      "name": "Fereshteh Fakhar",
      "value": 0,
      "symbolSize": 5,
      "category": 0
    },
    {
      "name": "Kirsi Tarvainen",
      "value": 0,
      "symbolSize": 5,
      "category": 0
    },
    {
      "name": "Birgit Kurz",
      "value": 0,
      "symbolSize": 5,
      "category": 0
    },
    {
      "name": "Gretchen Statler",
      "value": 78.11,
      "symbolSize": 13,
      "category": 0
    },
    {
      "name": "Scott Miller",
      "value": 0,
      "symbolSize": 5,
      "category": 0
    },
    {
      "name": "Nam Joong Kim",
      "value": 0,
      "symbolSize": 5,
      "category": 0
    },
    {
      "name": "Priti Mulchandani",
      "value": 0,
      "symbolSize": 5,
      "category": 0
    },
    {
      "name": "Maarten de Vries",
      "value": 0,
      "symbolSize": 5,
      "category": 3
    },
    {
      "name": "Celia Herrera",
      "value": 68.35,
      "symbolSize": 11,
      "category": 0
    },
    {
      "name": "Jessica Baxmann",
      "value": 0,
      "symbolSize": 5,
      "category": 0
    },
    {
      "name": "Regina Mattukat",
      "value": 85.25,
      "symbolSize": 14,
      "category": 0
    },
    {
      "name": "Shannon Renz",
      "value": 0,
      "symbolSize": 5,
      "category": 0
    },
    {
      "name": "Christine Dover",
      "value": 77.91,
      "symbolSize": 12,
      "category": 1
    },
    {
      "name": "SVEN FEURER",
      "value": 0,
      "symbolSize": 5,
      "category": 0
    },
    {
      "name": "Joseph Hou",
      "value": 0,
      "symbolSize": 5,
      "category": 0
    },
    {
      "name": "Stephan Kamps",
      "value": 81.76,
      "symbolSize": 13,
      "category": 0
    },
    {
      "name": "Florian Decker",
      "value": 0,
      "symbolSize": 5,
      "category": 0
    },
    {
      "name": "Robert Payne",
      "value": 0,
      "symbolSize": 5,
      "category": 0
    },
    {
      "name": "Joerg Fuetterer",
      "value": 70.01,
      "symbolSize": 11,
      "category": 0
    },
    {
      "name": "Lisa Arroyo",
      "value": 0,
      "symbolSize": 5,
      "category": 0
    },
    {
      "name": "Shinsuke Soeda",
      "value": 0,
      "symbolSize": 5,
      "category": 0
    },
    {
      "name": "Eduardo Rodrigues",
      "value": 0,
      "symbolSize": 5,
      "category": 0
    },
    {
      "name": "Ksenia Kostromina",
      "value": 0,
      "symbolSize": 5,
      "category": 0
    },
    {
      "name": "Roland v2.0 Van Breukelen",
      "value": 0,
      "symbolSize": 5,
      "category": 0
    },
    {
      "name": "Scott Hirst",
      "value": 65.06,
      "symbolSize": 10,
      "category": 0
    },
    {
      "name": "Katarzyna Miklosik",
      "value": 0,
      "symbolSize": 5,
      "category": 0
    },
    {
      "name": "Senta Belay",
      "value": 0,
      "symbolSize": 5,
      "category": 0
    },
    {
      "name": "Nadine Glasstetter",
      "value": 74.51,
      "symbolSize": 12,
      "category": 0
    },
    {
      "name": "Reshmi Paul",
      "value": 0,
      "symbolSize": 5,
      "category": 0
    },
    {
      "name": "Steve Lee",
      "value": 63.26,
      "symbolSize": 10,
      "category": 0
    },
    {
      "name": "CLARA FAVILLA",
      "value": 0,
      "symbolSize": 5,
      "category": 0
    },
    {
      "name": "Kevin Sieverding",
      "value": 0,
      "symbolSize": 5,
      "category": 0
    },
    {
      "name": "Jakob Boeg Larsen",
      "value": 0,
      "symbolSize": 5,
      "category": 0
    },
    {
      "name": "Christian Hofer",
      "value": 0,
      "symbolSize": 5,
      "category": 1
    },
    {
      "name": "Jamilla Wright",
      "value": 0,
      "symbolSize": 5,
      "category": 0
    },
    {
      "name": "Bart Mooren",
      "value": 0,
      "symbolSize": 5,
      "category": 0
    },
    {
      "name": "Suzanne Treece",
      "value": 73.87,
      "symbolSize": 12,
      "category": 0
    },
    {
      "name": "Kenneth Ye",
      "value": 0,
      "symbolSize": 5,
      "category": 0
    },
    {
      "name": "Marianne Macgregor",
      "value": 0,
      "symbolSize": 5,
      "category": 0
    },
    {
      "name": "Marie-Sylvie D\\'ETAT",
      "value": 0,
      "symbolSize": 5,
      "category": 0
    },
    {
      "name": "Raik Kulinna",
      "value": 0,
      "symbolSize": 5,
      "category": 0
    },
    {
      "name": "Joonsik Moon",
      "value": 0,
      "symbolSize": 5,
      "category": 0
    },
    {
      "name": "Jayne Landry",
      "value": 0,
      "symbolSize": 5,
      "category": 2
    },
    {
      "name": "Lars Breddemann",
      "value": 0,
      "symbolSize": 5,
      "category": 0
    },
    {
      "name": "Markus Konhaeuser",
      "value": 0,
      "symbolSize": 5,
      "category": 0
    },
    {
      "name": "Banks Sun",
      "value": 0,
      "symbolSize": 5,
      "category": 0
    },
    {
      "name": "Ramya Nagaraj",
      "value": 0,
      "symbolSize": 5,
      "category": 0
    },
    {
      "name": "Gwen TABOURIN",
      "value": 0,
      "symbolSize": 5,
      "category": 0
    },
    {
      "name": "Shirley Tive-Hive",
      "value": 0,
      "symbolSize": 5,
      "category": 0
    },
    {
      "name": "Jaslyn Tan",
      "value": 0,
      "symbolSize": 5,
      "category": 0
    },
    {
      "name": "Ashok Munirathinam",
      "value": 0,
      "symbolSize": 5,
      "category": 0
    },
    {
      "name": "Alban LUDEWIG",
      "value": 0,
      "symbolSize": 5,
      "category": 0
    },
    {
      "name": "Anna Sahagun",
      "value": 77.04,
      "symbolSize": 12,
      "category": 2
    },
    {
      "name": "Ana-Maria TARCA",
      "value": 0,
      "symbolSize": 5,
      "category": 0
    },
    {
      "name": "Dan Chase",
      "value": 0,
      "symbolSize": 5,
      "category": 0
    },
    {
      "name": "Alexander Netzel",
      "value": 0,
      "symbolSize": 5,
      "category": 0
    },
    {
      "name": "Olesya Sydorenko",
      "value": 0,
      "symbolSize": 5,
      "category": 0
    },
    {
      "name": "Srinivas Sudhakaran",
      "value": 0,
      "symbolSize": 5,
      "category": 0
    },
    {
      "name": "Katie Sedgwick",
      "value": 0,
      "symbolSize": 5,
      "category": 0
    },
    {
      "name": "Gert Eichberger",
      "value": 0,
      "symbolSize": 5,
      "category": 0
    },
    {
      "name": "Michelle Hickey",
      "value": 75.85,
      "symbolSize": 12,
      "category": 0
    },
    {
      "name": "Mohit Kumar",
      "value": 0,
      "symbolSize": 5,
      "category": 0
    },
    {
      "name": "Erik Lindstrom Futral",
      "value": 0,
      "symbolSize": 5,
      "category": 0
    },
    {
      "name": "Patricia Kellner",
      "value": 0,
      "symbolSize": 5,
      "category": 0
    },
    {
      "name": "Timo ELLIOTT",
      "value": 68.46,
      "symbolSize": 11,
      "category": 3
    },
    {
      "name": "Jennifer McClenahan",
      "value": 0,
      "symbolSize": 5,
      "category": 0
    },
    {
      "name": "Kevin Madden",
      "value": 0,
      "symbolSize": 5,
      "category": 0
    },
    {
      "name": "Christian Lieske",
      "value": 77.01,
      "symbolSize": 12,
      "category": 2
    },
    {
      "name": "Eva Holz",
      "value": 63.26,
      "symbolSize": 10,
      "category": 0
    },
    {
      "name": "Lynsey Turnbull",
      "value": 0,
      "symbolSize": 5,
      "category": 0
    },
    {
      "name": "Lenore Johnson",
      "value": 0,
      "symbolSize": 5,
      "category": 0
    },
    {
      "name": "Steve Hamrick",
      "value": 0,
      "symbolSize": 5,
      "category": 3
    },
    {
      "name": "Emmanuel DROUYNOT",
      "value": 0,
      "symbolSize": 5,
      "category": 0
    },
    {
      "name": "Justin Cibin",
      "value": 0,
      "symbolSize": 5,
      "category": 0
    },
    {
      "name": "Vicki Cui",
      "value": 87.36,
      "symbolSize": 14,
      "category": 0
    },
    {
      "name": "Harey Vigneswaran",
      "value": 0,
      "symbolSize": 5,
      "category": 0
    },
    {
      "name": "Antoine CHABERT",
      "value": 0,
      "symbolSize": 5,
      "category": 0
    },
    {
      "name": "Francoise NOVE-JOSSERAND",
      "value": 0,
      "symbolSize": 5,
      "category": 0
    },
    {
      "name": "Javier Rojas",
      "value": 0,
      "symbolSize": 5,
      "category": 0
    },
    {
      "name": "David Koenig",
      "value": 0,
      "symbolSize": 5,
      "category": 0
    },
    {
      "name": "Petra Ligthart",
      "value": 0,
      "symbolSize": 5,
      "category": 0
    },
    {
      "name": "Alaina Lambert",
      "value": 0,
      "symbolSize": 5,
      "category": 0
    },
    {
      "name": "Cindy Beauchamp",
      "value": 0,
      "symbolSize": 5,
      "category": 0
    },
    {
      "name": "Katherine Quintano",
      "value": 0,
      "symbolSize": 5,
      "category": 0
    },
    {
      "name": "Francis Lui",
      "value": 0,
      "symbolSize": 5,
      "category": 0
    },
    {
      "name": "Melissa Lange",
      "value": 0,
      "symbolSize": 5,
      "category": 0
    },
    {
      "name": "Sarah BAILLOT",
      "value": 76.95,
      "symbolSize": 12,
      "category": 0
    },
    {
      "name": "Lesley Trivett",
      "value": 0,
      "symbolSize": 5,
      "category": 0
    },
    {
      "name": "Eva BREITKREUTZ",
      "value": 0,
      "symbolSize": 5,
      "category": 0
    },
    {
      "name": "Jung-chan Kim",
      "value": 0,
      "symbolSize": 5,
      "category": 0
    },
    {
      "name": "Wilson Kurian",
      "value": 0,
      "symbolSize": 5,
      "category": 0
    },
    {
      "name": "Carmelo Jr Villanueva",
      "value": 75.44,
      "symbolSize": 12,
      "category": 0
    },
    {
      "name": "Claudia Belardo",
      "value": 0,
      "symbolSize": 5,
      "category": 0
    },
    {
      "name": "Krista Elkin",
      "value": 0,
      "symbolSize": 5,
      "category": 0
    },
    {
      "name": "Florian Kunzke",
      "value": 0,
      "symbolSize": 5,
      "category": 0
    },
    {
      "name": "Scott Hamilton",
      "value": 0,
      "symbolSize": 5,
      "category": 0
    },
    {
      "name": "Jim Smith",
      "value": 76.61,
      "symbolSize": 12,
      "category": 0
    },
    {
      "name": "Krishna Koundinya",
      "value": 0,
      "symbolSize": 5,
      "category": 0
    },
    {
      "name": "Andreas Krause",
      "value": 0,
      "symbolSize": 5,
      "category": 0
    },
    {
      "name": "Jane Fu",
      "value": 0,
      "symbolSize": 5,
      "category": 0
    },
    {
      "name": "Ceylan Thomson",
      "value": 67.59,
      "symbolSize": 11,
      "category": 0
    },
    {
      "name": "Kerstin Weis",
      "value": 77.04,
      "symbolSize": 12,
      "category": 0
    },
    {
      "name": "Chris Doering",
      "value": 0,
      "symbolSize": 5,
      "category": 0
    },
    {
      "name": "Katja Kolmetz",
      "value": 0,
      "symbolSize": 5,
      "category": 0
    },
    {
      "name": "Andy Rubinson",
      "value": 0,
      "symbolSize": 5,
      "category": 0
    },
    {
      "name": "Ina Felsheim",
      "value": 0,
      "symbolSize": 5,
      "category": 0
    },
    {
      "name": "Morgan Jiang",
      "value": 71.16,
      "symbolSize": 11,
      "category": 0
    },
    {
      "name": "Lynda Koehler",
      "value": 0,
      "symbolSize": 5,
      "category": 0
    },
    {
      "name": "Karyn Palmer",
      "value": 0,
      "symbolSize": 5,
      "category": 1
    },
    {
      "name": "Coralie MESNARD",
      "value": 0,
      "symbolSize": 5,
      "category": 0
    },
    {
      "name": "Eui Man Kim",
      "value": 0,
      "symbolSize": 5,
      "category": 0
    },
    {
      "name": "Gwen Chu",
      "value": 0,
      "symbolSize": 5,
      "category": 0
    },
    {
      "name": "Sin Yi Poon",
      "value": 0,
      "symbolSize": 5,
      "category": 0
    },
    {
      "name": "Cassandra Girard",
      "value": 0,
      "symbolSize": 5,
      "category": 0
    },
    {
      "name": "Tram Anh Nguyen",
      "value": 65.46,
      "symbolSize": 10,
      "category": 0
    },
    {
      "name": "Gary Pan",
      "value": 0,
      "symbolSize": 5,
      "category": 0
    },
    {
      "name": "Wenonah Jaques",
      "value": 0,
      "symbolSize": 5,
      "category": 0
    },
    {
      "name": "Dirk Meyer",
      "value": 0,
      "symbolSize": 5,
      "category": 1
    },
    {
      "name": "Mathias Neid",
      "value": 95.09,
      "symbolSize": 15,
      "category": 0
    },
    {
      "name": "Swati Singh",
      "value": 0,
      "symbolSize": 5,
      "category": 0
    },
    {
      "name": "Juergen Faass",
      "value": 0,
      "symbolSize": 5,
      "category": 0
    },
    {
      "name": "Lyndsey Spurgin",
      "value": 0,
      "symbolSize": 5,
      "category": 0
    },
    {
      "name": "Michelle Kemp-Nordell",
      "value": 0,
      "symbolSize": 5,
      "category": 0
    },
    {
      "name": "Sylvia Lindblom",
      "value": 0,
      "symbolSize": 5,
      "category": 0
    },
    {
      "name": "Gia Ness",
      "value": 0,
      "symbolSize": 5,
      "category": 0
    },
    {
      "name": "Erin McHugh",
      "value": 79.84,
      "symbolSize": 13,
      "category": 0
    },
    {
      "name": "Christine Andrea Fischer",
      "value": 0,
      "symbolSize": 5,
      "category": 0
    },
    {
      "name": "Victoria Rochard",
      "value": 0,
      "symbolSize": 5,
      "category": 0
    },
    {
      "name": "Julien Grisha Quester-Semeon",
      "value": 0,
      "symbolSize": 5,
      "category": 0
    },
    {
      "name": "Astri Astriani",
      "value": 0,
      "symbolSize": 5,
      "category": 0
    },
    {
      "name": "Keguo Zhou",
      "value": 0,
      "symbolSize": 5,
      "category": 0
    },
    {
      "name": "Max Wessel",
      "value": 0,
      "symbolSize": 5,
      "category": 0
    },
    {
      "name": "Hani Mansouri",
      "value": 0,
      "symbolSize": 5,
      "category": 0
    },
    {
      "name": "Silke Rastaetter",
      "value": 0,
      "symbolSize": 5,
      "category": 0
    },
    {
      "name": "Leo Xu",
      "value": 0,
      "symbolSize": 5,
      "category": 0
    },
    {
      "name": "Frank Godeby",
      "value": 72.27,
      "symbolSize": 12,
      "category": 0
    },
    {
      "name": "Andrew Theis",
      "value": 0,
      "symbolSize": 5,
      "category": 0
    },
    {
      "name": "Ravi Chaturvedi",
      "value": 0,
      "symbolSize": 5,
      "category": 0
    },
    {
      "name": "Dean Farrow",
      "value": 0,
      "symbolSize": 5,
      "category": 0
    },
    {
      "name": "Sally Chen",
      "value": 0,
      "symbolSize": 5,
      "category": 0
    },
    {
      "name": "Stefan Schmitt",
      "value": 0,
      "symbolSize": 5,
      "category": 1
    },
    {
      "name": "Robin Meyerhoff",
      "value": 0,
      "symbolSize": 5,
      "category": 0
    },
    {
      "name": "Kathy Lee",
      "value": 0,
      "symbolSize": 5,
      "category": 0
    },
    {
      "name": "Jason Oskamp",
      "value": 64.69,
      "symbolSize": 10,
      "category": 0
    },
    {
      "name": "Yoshiyuki Tanaka",
      "value": 0,
      "symbolSize": 5,
      "category": 0
    },
    {
      "name": "Cindy McKendry",
      "value": 0,
      "symbolSize": 5,
      "category": 0
    },
    {
      "name": "Kai Goerlich",
      "value": 0,
      "symbolSize": 5,
      "category": 0
    },
    {
      "name": "Roger Weiss",
      "value": 0,
      "symbolSize": 5,
      "category": 0
    },
    {
      "name": "Bettina Jaeger",
      "value": 71.58,
      "symbolSize": 11,
      "category": 0
    },
    {
      "name": "Cindy Morel",
      "value": 65.44,
      "symbolSize": 10,
      "category": 0
    },
    {
      "name": "Simon Anstey",
      "value": 0,
      "symbolSize": 5,
      "category": 0
    },
    {
      "name": "Brett Philpott",
      "value": 0,
      "symbolSize": 5,
      "category": 0
    },
    {
      "name": "Stephane ARLES",
      "value": 0,
      "symbolSize": 5,
      "category": 0
    },
    {
      "name": "Hin Kang",
      "value": 0,
      "symbolSize": 5,
      "category": 0
    },
    {
      "name": "Chris Ismael",
      "value": 0,
      "symbolSize": 5,
      "category": 0
    },
    {
      "name": "Tanja Strohhammer",
      "value": 0,
      "symbolSize": 5,
      "category": 0
    },
    {
      "name": "Mike Eberhardt",
      "value": 63.12,
      "symbolSize": 10,
      "category": 0
    },
    {
      "name": "Tiara Curges",
      "value": 0,
      "symbolSize": 5,
      "category": 0
    },
    {
      "name": "Anissha Vandertuig",
      "value": 0,
      "symbolSize": 5,
      "category": 0
    },
    {
      "name": "Gisella Mendoza",
      "value": 0,
      "symbolSize": 5,
      "category": 0
    },
    {
      "name": "Andreas Fink",
      "value": 0,
      "symbolSize": 5,
      "category": 0
    },
    {
      "name": "Alfred Wu",
      "value": 96.44,
      "symbolSize": 16,
      "category": 2
    },
    {
      "name": "Bob McGlynn",
      "value": 0,
      "symbolSize": 5,
      "category": 0
    },
    {
      "name": "Julia Satsuta",
      "value": 0,
      "symbolSize": 5,
      "category": 0
    },
    {
      "name": "Kirsten Zuercher",
      "value": 67.41,
      "symbolSize": 11,
      "category": 0
    },
    {
      "name": "Pavithra N",
      "value": 0,
      "symbolSize": 5,
      "category": 0
    },
    {
      "name": "Ankit Sharma",
      "value": 0,
      "symbolSize": 5,
      "category": 0
    },
    {
      "name": "Richard Hamblen",
      "value": 0,
      "symbolSize": 5,
      "category": 0
    },
    {
      "name": "Govind Lingam",
      "value": 0,
      "symbolSize": 5,
      "category": 0
    },
    {
      "name": "Sina Moser",
      "value": 90.57,
      "symbolSize": 15,
      "category": 0
    },
    {
      "name": "Kathleen O\\'Brien",
      "value": 83.38,
      "symbolSize": 13,
      "category": 0
    },
    {
      "name": "Jutta Metterhausen",
      "value": 0,
      "symbolSize": 5,
      "category": 0
    },
    {
      "name": "Gena Moore",
      "value": 71.88,
      "symbolSize": 11,
      "category": 0
    },
    {
      "name": "Twan van den Broek",
      "value": 0,
      "symbolSize": 5,
      "category": 0
    },
    {
      "name": "Uwe Hofstaetter",
      "value": 0,
      "symbolSize": 5,
      "category": 0
    },
    {
      "name": "Alexander Zhilyaev",
      "value": 63.83,
      "symbolSize": 10,
      "category": 0
    },
    {
      "name": "Frank Blechschmidt",
      "value": 0,
      "symbolSize": 5,
      "category": 0
    },
    {
      "name": "Gregory Keenan",
      "value": 0,
      "symbolSize": 5,
      "category": 0
    },
    {
      "name": "William Ahearn",
      "value": 0,
      "symbolSize": 5,
      "category": 0
    },
    {
      "name": "Carmen Peter",
      "value": 79.02,
      "symbolSize": 13,
      "category": 0
    },
    {
      "name": "Stephan Bahr",
      "value": 0,
      "symbolSize": 5,
      "category": 0
    },
    {
      "name": "Sammi Zhao",
      "value": 0,
      "symbolSize": 5,
      "category": 0
    },
    {
      "name": "Rainer Wellige",
      "value": 0,
      "symbolSize": 5,
      "category": 0
    },
    {
      "name": "Sigrid Vetter",
      "value": 0,
      "symbolSize": 5,
      "category": 0
    },
    {
      "name": "Georg Kreimer",
      "value": 0,
      "symbolSize": 5,
      "category": 0
    },
    {
      "name": "Kristin McMahon",
      "value": 72.95,
      "symbolSize": 12,
      "category": 0
    },
    {
      "name": "Ramona Gattner",
      "value": 79.17,
      "symbolSize": 13,
      "category": 0
    },
    {
      "name": "Scott Pezza",
      "value": 0,
      "symbolSize": 5,
      "category": 0
    },
    {
      "name": "Nicole Kelley",
      "value": 0,
      "symbolSize": 5,
      "category": 0
    },
    {
      "name": "Muktha Hiremath",
      "value": 0,
      "symbolSize": 5,
      "category": 0
    },
    {
      "name": "Michael Zoeller",
      "value": 0,
      "symbolSize": 5,
      "category": 0
    },
    {
      "name": "Matt Thomas",
      "value": 72.8,
      "symbolSize": 12,
      "category": 0
    },
    {
      "name": "Kate McNeel",
      "value": 0,
      "symbolSize": 5,
      "category": 0
    },
    {
      "name": "Artur Derwiszynski",
      "value": 0,
      "symbolSize": 5,
      "category": 0
    },
    {
      "name": "Holly Kehler",
      "value": 64.93,
      "symbolSize": 10,
      "category": 0
    },
    {
      "name": "Michael Sagayaraj",
      "value": 0,
      "symbolSize": 5,
      "category": 1
    },
    {
      "name": "Sebastian Wagner",
      "value": 0,
      "symbolSize": 5,
      "category": 1
    },
    {
      "name": "Leann Santore",
      "value": 0,
      "symbolSize": 5,
      "category": 0
    },
    {
      "name": "Marcel Lindsay",
      "value": 71.26,
      "symbolSize": 11,
      "category": 0
    },
    {
      "name": "Jonathan Lemanski",
      "value": 0,
      "symbolSize": 5,
      "category": 0
    },
    {
      "name": "Al Hilwa",
      "value": 88.61,
      "symbolSize": 14,
      "category": 1
    },
    {
      "name": "Sayantan Roy",
      "value": 0,
      "symbolSize": 5,
      "category": 0
    },
    {
      "name": "Laura Strobel",
      "value": 68.97,
      "symbolSize": 11,
      "category": 0
    },
    {
      "name": "Stratis Pelekidis",
      "value": 0,
      "symbolSize": 5,
      "category": 0
    },
    {
      "name": "Steffen Schad",
      "value": 0,
      "symbolSize": 5,
      "category": 0
    },
    {
      "name": "Schalk Viljoen",
      "value": 0,
      "symbolSize": 5,
      "category": 0
    },
    {
      "name": "Michael Laux",
      "value": 82.29,
      "symbolSize": 13,
      "category": 0
    },
    {
      "name": "Cristina Ricaurte",
      "value": 0,
      "symbolSize": 5,
      "category": 0
    },
    {
      "name": "Fernando Sanchez-Mayoral",
      "value": 68.96,
      "symbolSize": 11,
      "category": 0
    },
    {
      "name": "Iver van de Zand",
      "value": 0,
      "symbolSize": 5,
      "category": 0
    },
    {
      "name": "Nazanin Zaker",
      "value": 0,
      "symbolSize": 5,
      "category": 0
    },
    {
      "name": "James Krouse",
      "value": 0,
      "symbolSize": 5,
      "category": 0
    },
    {
      "name": "Bernd Dittrich",
      "value": 0,
      "symbolSize": 5,
      "category": 0
    },
    {
      "name": "Michaela Wohner",
      "value": 0,
      "symbolSize": 5,
      "category": 0
    },
    {
      "name": "Manny Cortez",
      "value": 0,
      "symbolSize": 5,
      "category": 0
    },
    {
      "name": "Alexis Luna",
      "value": 0,
      "symbolSize": 5,
      "category": 2
    },
    {
      "name": "Jennie Gustafsson",
      "value": 0,
      "symbolSize": 5,
      "category": 0
    },
    {
      "name": "Gabriela Burlacu",
      "value": 0,
      "symbolSize": 5,
      "category": 0
    },
    {
      "name": "Kris Dabrowski",
      "value": 0,
      "symbolSize": 5,
      "category": 0
    },
    {
      "name": "Anja Helfrich",
      "value": 0,
      "symbolSize": 5,
      "category": 0
    },
    {
      "name": "David Oser",
      "value": 0,
      "symbolSize": 5,
      "category": 0
    },
    {
      "name": "Sathish Ganesan",
      "value": 0,
      "symbolSize": 5,
      "category": 0
    },
    {
      "name": "Marco Flores",
      "value": 77.61,
      "symbolSize": 12,
      "category": 0
    },
    {
      "name": "Nam Ki Park",
      "value": 0,
      "symbolSize": 5,
      "category": 0
    },
    {
      "name": "Sarah Kellman",
      "value": 79.22,
      "symbolSize": 13,
      "category": 0
    },
    {
      "name": "Sean MacNiven",
      "value": 0,
      "symbolSize": 5,
      "category": 0
    },
    {
      "name": "Karoly Foeldesi",
      "value": 0,
      "symbolSize": 5,
      "category": 0
    },
    {
      "name": "Nikolay Dimitrov",
      "value": 67.95,
      "symbolSize": 11,
      "category": 0
    },
    {
      "name": "Jeff ALLEN",
      "value": 74.35,
      "symbolSize": 12,
      "category": 0
    },
    {
      "name": "Chan Ho Son",
      "value": 0,
      "symbolSize": 5,
      "category": 0
    },
    {
      "name": "Silvia Langer-Stoll",
      "value": 0,
      "symbolSize": 5,
      "category": 0
    },
    {
      "name": "Dietmar Bohn",
      "value": 0,
      "symbolSize": 5,
      "category": 0
    },
    {
      "name": "Pavel Balan",
      "value": 74.6,
      "symbolSize": 12,
      "category": 0
    },
    {
      "name": "Andrii Pogorielov",
      "value": 64.87,
      "symbolSize": 10,
      "category": 0
    },
    {
      "name": "Brigitte Schultz",
      "value": 0,
      "symbolSize": 5,
      "category": 0
    },
    {
      "name": "Wendy Cismoski",
      "value": 0,
      "symbolSize": 5,
      "category": 1
    },
    {
      "name": "Benjamin Kunkel",
      "value": 0,
      "symbolSize": 5,
      "category": 0
    },
    {
      "name": "Roger Noia",
      "value": 0,
      "symbolSize": 5,
      "category": 0
    },
    {
      "name": "David Moore",
      "value": 0,
      "symbolSize": 5,
      "category": 0
    },
    {
      "name": "Tanzilia Gareis",
      "value": 0,
      "symbolSize": 5,
      "category": 0
    },
    {
      "name": "Jennifer Alicia Halser",
      "value": 0,
      "symbolSize": 5,
      "category": 0
    },
    {
      "name": "Jana Lang",
      "value": 0,
      "symbolSize": 5,
      "category": 0
    },
    {
      "name": "Tom Urso",
      "value": 0,
      "symbolSize": 5,
      "category": 0
    },
    {
      "name": "Mona Farah",
      "value": 0,
      "symbolSize": 5,
      "category": 0
    },
    {
      "name": "Josef Schmidt",
      "value": 64.31,
      "symbolSize": 10,
      "category": 0
    },
    {
      "name": "Xenia Stubbe",
      "value": 0,
      "symbolSize": 5,
      "category": 0
    },
    {
      "name": "Lindsey Nelson",
      "value": 0,
      "symbolSize": 5,
      "category": 0
    },
    {
      "name": "Kristin Thome",
      "value": 0,
      "symbolSize": 5,
      "category": 0
    },
    {
      "name": "Marc Emert",
      "value": 0,
      "symbolSize": 5,
      "category": 0
    },
    {
      "name": "Jai Vignesh R",
      "value": 0,
      "symbolSize": 5,
      "category": 0
    },
    {
      "name": "Siegfried Bies",
      "value": 0,
      "symbolSize": 5,
      "category": 0
    },
    {
      "name": "Lise Tcheng",
      "value": 0,
      "symbolSize": 5,
      "category": 0
    },
    {
      "name": "Anik Roy",
      "value": 0,
      "symbolSize": 5,
      "category": 0
    },
    {
      "name": "Sheila Zelinger",
      "value": 0,
      "symbolSize": 5,
      "category": 0
    },
    {
      "name": "Eric Munson",
      "value": 0,
      "symbolSize": 5,
      "category": 0
    },
    {
      "name": "Gina Marchese",
      "value": 64.4,
      "symbolSize": 10,
      "category": 0
    },
    {
      "name": "Rajagopalan Subramanyam",
      "value": 0,
      "symbolSize": 5,
      "category": 0
    },
    {
      "name": "Kristin Zakiewicz",
      "value": 0,
      "symbolSize": 5,
      "category": 0
    },
    {
      "name": "Jonas Israel",
      "value": 70.51,
      "symbolSize": 11,
      "category": 0
    },
    {
      "name": "Lisa Sharkey",
      "value": 0,
      "symbolSize": 5,
      "category": 0
    },
    {
      "name": "Akhilesh Jain",
      "value": 0,
      "symbolSize": 5,
      "category": 0
    },
    {
      "name": "Thore Moehlmann",
      "value": 0,
      "symbolSize": 5,
      "category": 0
    },
    {
      "name": "Dimiter Simov",
      "value": 0,
      "symbolSize": 5,
      "category": 0
    },
    {
      "name": "Bernhard Luecke",
      "value": 0,
      "symbolSize": 5,
      "category": 0
    },
    {
      "name": "Ian Armstrong",
      "value": 0,
      "symbolSize": 5,
      "category": 0
    },
    {
      "name": "Amina Anderson",
      "value": 0,
      "symbolSize": 5,
      "category": 0
    },
    {
      "name": "Steven Gregory",
      "value": 0,
      "symbolSize": 5,
      "category": 0
    },
    {
      "name": "Remi ASTIER",
      "value": 0,
      "symbolSize": 5,
      "category": 0
    },
    {
      "name": "Silvia Gao",
      "value": 0,
      "symbolSize": 5,
      "category": 2
    },
    {
      "name": "Ankitha Malalur Gopal",
      "value": 0,
      "symbolSize": 5,
      "category": 0
    },
    {
      "name": "Domingos Rodrigues",
      "value": 0,
      "symbolSize": 5,
      "category": 0
    },
    {
      "name": "Bhagi Seelam Deenadayalu",
      "value": 0,
      "symbolSize": 5,
      "category": 0
    },
    {
      "name": "Roland Krijnen",
      "value": 0,
      "symbolSize": 5,
      "category": 0
    },
    {
      "name": "Kouros Behzad",
      "value": 63.69,
      "symbolSize": 10,
      "category": 0
    },
    {
      "name": "Jack Nehmer",
      "value": 0,
      "symbolSize": 5,
      "category": 0
    },
    {
      "name": "Salvador Gimeno",
      "value": 65.85,
      "symbolSize": 10,
      "category": 0
    },
    {
      "name": "Julia Clark",
      "value": 0,
      "symbolSize": 5,
      "category": 0
    },
    {
      "name": "Phoebe Poon",
      "value": 83.52,
      "symbolSize": 13,
      "category": 0
    },
    {
      "name": "Don Gordon",
      "value": 64.52,
      "symbolSize": 10,
      "category": 0
    },
    {
      "name": "Joni Wong Angkasa",
      "value": 70.29,
      "symbolSize": 11,
      "category": 0
    },
    {
      "name": "Eric MOUETTE",
      "value": 0,
      "symbolSize": 5,
      "category": 0
    },
    {
      "name": "Fabio Almeida",
      "value": 0,
      "symbolSize": 5,
      "category": 0
    },
    {
      "name": "Sang Hee Jung",
      "value": 65.85,
      "symbolSize": 10,
      "category": 0
    },
    {
      "name": "Eva-Maria Roe",
      "value": 0,
      "symbolSize": 5,
      "category": 0
    },
    {
      "name": "John Leggio",
      "value": 0,
      "symbolSize": 5,
      "category": 0
    },
    {
      "name": "Faith Maginley",
      "value": 0,
      "symbolSize": 5,
      "category": 0
    },
    {
      "name": "Dominik Strauss",
      "value": 75.85,
      "symbolSize": 12,
      "category": 0
    },
    {
      "name": "Geraldine Lim",
      "value": 96.14,
      "symbolSize": 16,
      "category": 0
    },
    {
      "name": "Carsten Hund",
      "value": 0,
      "symbolSize": 5,
      "category": 0
    },
    {
      "name": "Daniela Juergens",
      "value": 0,
      "symbolSize": 5,
      "category": 0
    },
    {
      "name": "Leah Grubb",
      "value": 0,
      "symbolSize": 5,
      "category": 0
    },
    {
      "name": "Agamemnon Baltagiannis",
      "value": 0,
      "symbolSize": 5,
      "category": 0
    },
    {
      "name": "Paul Harris",
      "value": 0,
      "symbolSize": 5,
      "category": 0
    },
    {
      "name": "Julieth Cifuentes",
      "value": 0,
      "symbolSize": 5,
      "category": 0
    },
    {
      "name": "Soon Fuller",
      "value": 0,
      "symbolSize": 5,
      "category": 3
    },
    {
      "name": "Vasco Alexander Schmidt",
      "value": 0,
      "symbolSize": 5,
      "category": 0
    },
    {
      "name": "John Branstrator",
      "value": 0,
      "symbolSize": 5,
      "category": 0
    },
    {
      "name": "Isao Takeuchi",
      "value": 0,
      "symbolSize": 5,
      "category": 0
    },
    {
      "name": "Roseann Di Maria",
      "value": 0,
      "symbolSize": 5,
      "category": 0
    },
    {
      "name": "Minal Shah",
      "value": 81.49,
      "symbolSize": 13,
      "category": 0
    },
    {
      "name": "Rob Jonkers",
      "value": 0,
      "symbolSize": 5,
      "category": 0
    },
    {
      "name": "Ginger Davis",
      "value": 0,
      "symbolSize": 5,
      "category": 0
    },
    {
      "name": "Renee Wilhelm",
      "value": 88.22,
      "symbolSize": 14,
      "category": 2
    },
    {
      "name": "Sarah Dolan",
      "value": 0,
      "symbolSize": 5,
      "category": 0
    },
    {
      "name": "Thomas Boulton",
      "value": 0,
      "symbolSize": 5,
      "category": 0
    },
    {
      "name": "Olena Vovk",
      "value": 0,
      "symbolSize": 5,
      "category": 0
    },
    {
      "name": "Matthew Scharf",
      "value": 0,
      "symbolSize": 5,
      "category": 0
    },
    {
      "name": "Jeffrey Berridge",
      "value": 0,
      "symbolSize": 5,
      "category": 0
    },
    {
      "name": "Lisa James",
      "value": 74.2,
      "symbolSize": 12,
      "category": 0
    },
    {
      "name": "Bekki Binley",
      "value": 0,
      "symbolSize": 5,
      "category": 0
    },
    {
      "name": "Mark Labedz",
      "value": 65.74,
      "symbolSize": 10,
      "category": 0
    },
    {
      "name": "Hartmut Dietel",
      "value": 0,
      "symbolSize": 5,
      "category": 0
    },
    {
      "name": "Nam Ho Lee",
      "value": 72.63,
      "symbolSize": 12,
      "category": 0
    }
  ],
  "links": [
    {
      "source": "Jie Che",
      "target": "Nan Wang"
    },
    {
      "source": "Banks Sun",
      "target": "Josef Schmidt"
    },
    {
      "source": "Steven Gregory",
      "target": "Julia Wagner"
    },
    {
      "source": "Bob McGlynn",
      "target": "Dominik Strauss"
    },
    {
      "source": "Marcel Lindsay",
      "target": "Michaela Wohner"
    },
    {
      "source": "Daniel Dahlmeier",
      "target": "Phoebe Poon"
    },
    {
      "source": "Simon Anstey",
      "target": "Ian Armstrong"
    },
    {
      "source": "Stratis Pelekidis",
      "target": "Paige Dos Santos"
    },
    {
      "source": "John Heald",
      "target": "Renee Wilhelm"
    },
    {
      "source": "Marie-Sylvie D\\'ETAT",
      "target": "Julia Wagner"
    },
    {
      "source": "Shinsuke Soeda",
      "target": "Tsugi Momoki"
    },
    {
      "source": "Coralie MESNARD",
      "target": "Francoise NOVE-JOSSERAND"
    },
    {
      "source": "Michael Sagayaraj",
      "target": "Dirk Meyer"
    },
    {
      "source": "Byung Gil Yuh",
      "target": "Nam Ki Park"
    },
    {
      "source": "Stefan Schmitt",
      "target": "Christian Hofer"
    },
    {
      "source": "Fernando Sanchez-Mayoral",
      "target": "Rosa Chamorro"
    },
    {
      "source": "Markus Meisl",
      "target": "Christian Lieske"
    },
    {
      "source": "Don Gordon",
      "target": "James Krouse"
    },
    {
      "source": "Vicki Cui",
      "target": "Christine Dover"
    },
    {
      "source": "Andy Rubinson",
      "target": "Schalk Viljoen"
    },
    {
      "source": "Emmanuel DROUYNOT",
      "target": "Yann LEMAN"
    },
    {
      "source": "Francoise NOVE-JOSSERAND",
      "target": "Gwen TABOURIN"
    },
    {
      "source": "Alaina Lambert",
      "target": "Eric Munson"
    },
    {
      "source": "Geraldine Lim",
      "target": "Carrie Lande"
    },
    {
      "source": "Al Hilwa",
      "target": "Dirk Meyer"
    },
    {
      "source": "Vanessa Ko",
      "target": "Julien Grisha Quester-Semeon"
    },
    {
      "source": "Lisa Munzenmaier",
      "target": "Carrie Lande"
    },
    {
      "source": "Milja Gillespie",
      "target": "Gena Moore"
    },
    {
      "source": "Alexis Luna",
      "target": "Alexandra Bogdan"
    },
    {
      "source": "Dirk Meyer",
      "target": "Sebastian Wagner"
    },
    {
      "source": "David Wang",
      "target": "Gary Pan"
    },
    {
      "source": "Hyun-ju Lee",
      "target": "Sang Hee Jung"
    },
    {
      "source": "Schalk Viljoen",
      "target": "Wendy Cismoski"
    },
    {
      "source": "Wendy Cismoski",
      "target": "Schalk Viljoen"
    },
    {
      "source": "Dan Chase",
      "target": "Bettina Jaeger"
    },
    {
      "source": "Pavithra N",
      "target": "Renee Wilhelm"
    },
    {
      "source": "Sebastian Wagner",
      "target": "Dirk Meyer"
    },
    {
      "source": "Christine Andrea Fischer",
      "target": "Andreas Krause"
    },
    {
      "source": "Chris Doering",
      "target": "Florian Kunzke"
    },
    {
      "source": "Dirk Meyer",
      "target": "Matthew Sell"
    },
    {
      "source": "Jane Fu",
      "target": "Ina Felsheim"
    },
    {
      "source": "Sang Hee Jung",
      "target": "Yoshiyuki Tanaka"
    },
    {
      "source": "Suzanne Treece",
      "target": "Eva-Maria Roe"
    },
    {
      "source": "John Heald",
      "target": "Magnus Clementson"
    },
    {
      "source": "Lenore Johnson",
      "target": "Cindy Morel"
    },
    {
      "source": "Cindy Morel",
      "target": "Lenore Johnson"
    },
    {
      "source": "John Heald",
      "target": "Marco Flores"
    },
    {
      "source": "Sarah Kellman",
      "target": "Robin Meyerhoff"
    },
    {
      "source": "Alexis Luna",
      "target": "Magen Mintchev"
    },
    {
      "source": "Dirk Meyer",
      "target": "Christian Hofer"
    },
    {
      "source": "Domingos Rodrigues",
      "target": "Peter Beutelmann"
    },
    {
      "source": "Al Hilwa",
      "target": "Karyn Palmer"
    },
    {
      "source": "Carrie Lande",
      "target": "Gabriela Burlacu"
    },
    {
      "source": "Matthew Scharf",
      "target": "Gena Moore"
    },
    {
      "source": "Anna Sahagun",
      "target": "Beth Solomon"
    },
    {
      "source": "Peter Beutelmann",
      "target": "Maarten de Vries"
    },
    {
      "source": "Shanker Supramaniam",
      "target": "Ben Nottle"
    },
    {
      "source": "Stefan Schmitt",
      "target": "Dirk Meyer"
    },
    {
      "source": "Katherine Quintano",
      "target": "Sean MacNiven"
    },
    {
      "source": "Soon Fuller",
      "target": "Erik Lindstrom Futral"
    },
    {
      "source": "Alaina Lambert",
      "target": "Gia Ness"
    },
    {
      "source": "Michael Sagayaraj",
      "target": "Christine Dover"
    },
    {
      "source": "Emmanuel DROUYNOT",
      "target": "Pushkar Ranjan"
    },
    {
      "source": "Andy Rubinson",
      "target": "Ceylan Thomson"
    },
    {
      "source": "Kirsten Zuercher",
      "target": "Mike Eberhardt"
    },
    {
      "source": "Cassandra Girard",
      "target": "Tram Anh Nguyen"
    },
    {
      "source": "Michael Laux",
      "target": "Christian Lieske"
    },
    {
      "source": "Shanker Supramaniam",
      "target": "Scott Hirst"
    },
    {
      "source": "Justin Cibin",
      "target": "John Leggio"
    },
    {
      "source": "Sheila Zelinger",
      "target": "Steve Hamrick"
    },
    {
      "source": "Carrie Lande",
      "target": "Geraldine Lim"
    },
    {
      "source": "Domingos Rodrigues",
      "target": "Frank Godeby"
    },
    {
      "source": "John Leggio",
      "target": "Renee Wilhelm"
    },
    {
      "source": "Laura Strobel",
      "target": "Stephan Kamps"
    },
    {
      "source": "Francois Genon-Catalot",
      "target": "SVEN FEURER"
    },
    {
      "source": "Eric Munson",
      "target": "Natalie Tan"
    },
    {
      "source": "Wendy Cismoski",
      "target": "ERICA VIALARDI"
    },
    {
      "source": "Silvia Langer-Stoll",
      "target": "Regina Mattukat"
    },
    {
      "source": "Milja Gillespie",
      "target": "Erin Feldt"
    },
    {
      "source": "Dirk Meyer",
      "target": "Michael Sagayaraj"
    },
    {
      "source": "Christian Hofer",
      "target": "Christine Dover"
    },
    {
      "source": "Josef Schmidt",
      "target": "Nikolay Dimitrov"
    },
    {
      "source": "Mastan Shaik",
      "target": "Scott Hamilton"
    },
    {
      "source": "Josef Schmidt",
      "target": "Banks Sun"
    },
    {
      "source": "Renee Wilhelm",
      "target": "Pavithra N"
    },
    {
      "source": "Reshmi Paul",
      "target": "Jim Smith"
    },
    {
      "source": "Gail Moody-Byrd",
      "target": "Dan Chase"
    },
    {
      "source": "Dawn DeFrancesco",
      "target": "Ginger Davis"
    },
    {
      "source": "Soon Fuller",
      "target": "Gail Moody-Byrd"
    },
    {
      "source": "Jen Morrow",
      "target": "Eric Munson"
    },
    {
      "source": "Michael Kuehn",
      "target": "Magen Mintchev"
    },
    {
      "source": "Alexandra Bogdan",
      "target": "Robin Meyerhoff"
    },
    {
      "source": "Sebastian Wagner",
      "target": "Matthew Sell"
    },
    {
      "source": "Vicki Cui",
      "target": "Matthew Sell"
    },
    {
      "source": "Bob McGlynn",
      "target": "Sarah BAILLOT"
    },
    {
      "source": "Steve Hamrick",
      "target": "Andreas Fink"
    },
    {
      "source": "Bernhard Luecke",
      "target": "Lisa Arroyo"
    },
    {
      "source": "Florian Decker",
      "target": "Stephan Meck"
    },
    {
      "source": "Remi ASTIER",
      "target": "Antoine CHABERT"
    },
    {
      "source": "Steven Gregory",
      "target": "Anna Sahagun"
    },
    {
      "source": "Minal Shah",
      "target": "Christian Hofer"
    },
    {
      "source": "Daniel Dahlmeier",
      "target": "Jeff ALLEN"
    },
    {
      "source": "Swati Singh",
      "target": "Julia Caruso"
    },
    {
      "source": "Matt Thomas",
      "target": "Alfred Wu"
    },
    {
      "source": "Milja Gillespie",
      "target": "Matthew Sell"
    },
    {
      "source": "Stefan Schmitt",
      "target": "Raik Kulinna"
    },
    {
      "source": "Eva-Maria Roe",
      "target": "Pushkar Ranjan"
    },
    {
      "source": "Karen McDermott",
      "target": "James Krouse"
    },
    {
      "source": "Akhilesh Jain",
      "target": "Michael Laux"
    },
    {
      "source": "Milja Gillespie",
      "target": "Christian Hofer"
    },
    {
      "source": "Erik Lindstrom Futral",
      "target": "Francois D\\'ESSERTAUX"
    },
    {
      "source": "Gwen TABOURIN",
      "target": "Francois D\\'ESSERTAUX"
    },
    {
      "source": "Alain Dumas",
      "target": "Mark Muir"
    },
    {
      "source": "Henrik KUMMEL",
      "target": "Remi ASTIER"
    },
    {
      "source": "Hatice Cakir",
      "target": "Domingos Rodrigues"
    },
    {
      "source": "Herve ROOY",
      "target": "Alban LUDEWIG"
    },
    {
      "source": "ERICA VIALARDI",
      "target": "Wendy Cismoski"
    },
    {
      "source": "Tram Anh Nguyen",
      "target": "Rainer Wellige"
    },
    {
      "source": "Sang Hee Jung",
      "target": "Hyun-ju Lee"
    },
    {
      "source": "Silvia Gao",
      "target": "Mohit Kumar"
    },
    {
      "source": "Dirk Kansky",
      "target": "Christian Hofer"
    },
    {
      "source": "Cassandra Girard",
      "target": "Rainer Wellige"
    },
    {
      "source": "Jayne Landry",
      "target": "Timo ELLIOTT"
    },
    {
      "source": "Holly Kehler",
      "target": "Jody Byrne"
    },
    {
      "source": "Soon Fuller",
      "target": "Bogdan Grigore"
    },
    {
      "source": "Phoebe Poon",
      "target": "Al Hilwa"
    },
    {
      "source": "Matthew Sell",
      "target": "Dirk Kansky"
    },
    {
      "source": "Ina Felsheim",
      "target": "Karyn Palmer"
    },
    {
      "source": "Byung Gil Yuh",
      "target": "Chan Ho Son"
    },
    {
      "source": "Eric Munson",
      "target": "Alaina Lambert"
    },
    {
      "source": "Jayne Landry",
      "target": "Steve Hamrick"
    },
    {
      "source": "Matthew Sell",
      "target": "Karyn Palmer"
    },
    {
      "source": "Cassandra Girard",
      "target": "Stephanie Waters"
    },
    {
      "source": "Katie Sedgwick",
      "target": "Steven Gregory"
    },
    {
      "source": "Roger Weiss",
      "target": "Stephan Meck"
    },
    {
      "source": "Soon Fuller",
      "target": "Victoria Rochard"
    },
    {
      "source": "Jack Wang",
      "target": "Lin Wan"
    },
    {
      "source": "Anna Sahagun",
      "target": "Steven Gregory"
    },
    {
      "source": "Julia Satsuta",
      "target": "Jessica Baxmann"
    },
    {
      "source": "Eric Munson",
      "target": "Kristen Allen"
    },
    {
      "source": "Renee Wilhelm",
      "target": "Carrie Lande"
    },
    {
      "source": "Hyun-ju Lee",
      "target": "Jon Christman"
    },
    {
      "source": "Joni Wong Angkasa",
      "target": "Mark Gibbs"
    },
    {
      "source": "Pavel Balan",
      "target": "Edward Schreckling"
    },
    {
      "source": "Matthew Sell",
      "target": "Stefan Schmitt"
    },
    {
      "source": "John Branstrator",
      "target": "Maarten de Vries"
    },
    {
      "source": "Timo ELLIOTT",
      "target": "Robin Meyerhoff"
    },
    {
      "source": "Maarten de Vries",
      "target": "Timo Kirchner"
    },
    {
      "source": "Nam Joong Kim",
      "target": "Nam Ki Park"
    },
    {
      "source": "Andreas Krause",
      "target": "Iver van de Zand"
    },
    {
      "source": "Matthew Sell",
      "target": "Christine Dover"
    },
    {
      "source": "Jai Vignesh R",
      "target": "Raghav S"
    },
    {
      "source": "Ramona Gattner",
      "target": "Simone Hartenstein"
    },
    {
      "source": "Sean MacNiven",
      "target": "Steve Hamrick"
    },
    {
      "source": "Michael Sagayaraj",
      "target": "Al Hilwa"
    },
    {
      "source": "Alfred Wu",
      "target": "PAOLO GIANI"
    },
    {
      "source": "John Heald",
      "target": "David Moore"
    },
    {
      "source": "Mandy Lin",
      "target": "Jayne Landry"
    },
    {
      "source": "Antoine CHABERT",
      "target": "Timo ELLIOTT"
    },
    {
      "source": "Ina Felsheim",
      "target": "Jane Fu"
    },
    {
      "source": "Michael Renz",
      "target": "Morgan Jiang"
    },
    {
      "source": "Yin Wah Leong",
      "target": "Mohit Kumar"
    },
    {
      "source": "Xenia Stubbe",
      "target": "Mona Abdel Meged"
    },
    {
      "source": "Regina Mattukat",
      "target": "Silvia Langer-Stoll"
    },
    {
      "source": "Kirsten Zuercher",
      "target": "Sylvia Lindblom"
    },
    {
      "source": "Timo Kirchner",
      "target": "Maarten de Vries"
    },
    {
      "source": "Lukas Masuch",
      "target": "Sean MacNiven"
    },
    {
      "source": "Kerstin Weis",
      "target": "Nicole Leidig"
    },
    {
      "source": "Marianne Macgregor",
      "target": "Jody Byrne"
    },
    {
      "source": "Mike Fecek",
      "target": "John Branstrator"
    },
    {
      "source": "Vasco Alexander Schmidt",
      "target": "Sheila Zelinger"
    },
    {
      "source": "Banks Sun",
      "target": "Nikolay Dimitrov"
    },
    {
      "source": "Christine Dover",
      "target": "Matthew Sell"
    },
    {
      "source": "Robin Meyerhoff",
      "target": "Timo ELLIOTT"
    },
    {
      "source": "Antoine CHABERT",
      "target": "Dean Farrow"
    },
    {
      "source": "Morgan Jiang",
      "target": "Drew Bates"
    },
    {
      "source": "Lisa Munzenmaier",
      "target": "Marcel Lindsay"
    },
    {
      "source": "Al Hilwa",
      "target": "Michael Sagayaraj"
    },
    {
      "source": "Magen Mintchev",
      "target": "Arunima Kumar"
    },
    {
      "source": "Francois Genon-Catalot",
      "target": "Bart Mooren"
    },
    {
      "source": "Dennis Ruffing",
      "target": "Steve Hamrick"
    },
    {
      "source": "Ian Armstrong",
      "target": "Christian Lieske"
    },
    {
      "source": "Melissa Lange",
      "target": "Charles Tigges"
    },
    {
      "source": "Ana-Maria TARCA",
      "target": "Emily Loggenberg"
    },
    {
      "source": "Karyn Palmer",
      "target": "Matthew Sell"
    },
    {
      "source": "Dirk Kansky",
      "target": "Stefan Schmitt"
    },
    {
      "source": "Hatice Cakir",
      "target": "Frank Godeby"
    },
    {
      "source": "Ashok Munirathinam",
      "target": "Joni Wong Angkasa"
    },
    {
      "source": "Don Gordon",
      "target": "Karen McDermott"
    },
    {
      "source": "Christian Hofer",
      "target": "Stefan Schmitt"
    },
    {
      "source": "Ben Nottle",
      "target": "Marcel Lindsay"
    },
    {
      "source": "Alexis Luna",
      "target": "Soon Fuller"
    },
    {
      "source": "Byung Gil Yuh",
      "target": "Nam Joong Kim"
    },
    {
      "source": "Simone Hartenstein",
      "target": "Ramona Gattner"
    },
    {
      "source": "Tsugi Momoki",
      "target": "Shinsuke Soeda"
    },
    {
      "source": "Christine Andrea Fischer",
      "target": "Roger Weiss"
    },
    {
      "source": "Jacob Stark",
      "target": "Natalie Tan"
    },
    {
      "source": "Drew Bates",
      "target": "Michael Renz"
    },
    {
      "source": "Lukas Masuch",
      "target": "Daniel Dahlmeier"
    },
    {
      "source": "Krista Elkin",
      "target": "Arunima Kumar"
    },
    {
      "source": "Eva Woo",
      "target": "Lisa Munzenmaier"
    },
    {
      "source": "Simone Hartenstein",
      "target": "Florian Kunzke"
    },
    {
      "source": "Minal Shah",
      "target": "Matthew Sell"
    },
    {
      "source": "Emily Loggenberg",
      "target": "Mike Fecek"
    },
    {
      "source": "Dirk Meyer",
      "target": "Stefan Schmitt"
    },
    {
      "source": "Rosa Chamorro",
      "target": "Sarah Dolan"
    },
    {
      "source": "John Leggio",
      "target": "Chris Ismael"
    },
    {
      "source": "Steve Lee",
      "target": "Eui Man Kim"
    },
    {
      "source": "Eui Man Kim",
      "target": "Jung-chan Kim"
    },
    {
      "source": "Hyun-ju Lee",
      "target": "Nam Ho Lee"
    },
    {
      "source": "Wendy Cismoski",
      "target": "Pushkar Ranjan"
    },
    {
      "source": "Antoine CHABERT",
      "target": "Remi ASTIER"
    },
    {
      "source": "Sebastian Wagner",
      "target": "Christian Hofer"
    },
    {
      "source": "Lindsey Nelson",
      "target": "Maarten de Vries"
    },
    {
      "source": "Alexandra Bogdan",
      "target": "Magen Mintchev"
    },
    {
      "source": "Carrie Lande",
      "target": "Renee Wilhelm"
    },
    {
      "source": "Nicole Kelley",
      "target": "Alexis Luna"
    },
    {
      "source": "Birgit Kurz",
      "target": "Andy Mikesell"
    },
    {
      "source": "Carolien Bauwens",
      "target": "Schalk Viljoen"
    },
    {
      "source": "Jane Fu",
      "target": "Jayne Landry"
    },
    {
      "source": "Raghav S",
      "target": "Jai Vignesh R"
    },
    {
      "source": "James Krouse",
      "target": "Rob Jonkers"
    },
    {
      "source": "Charles Tigges",
      "target": "Paige Dos Santos"
    },
    {
      "source": "Jung-chan Kim",
      "target": "Eui Man Kim"
    },
    {
      "source": "Pat Saporito",
      "target": "John Leggio"
    },
    {
      "source": "Leo Xu",
      "target": "Silvia Gao"
    },
    {
      "source": "Chris Doering",
      "target": "Xenia Stubbe"
    },
    {
      "source": "Artur Derwiszynski",
      "target": "Florian Decker"
    },
    {
      "source": "Suzanne Treece",
      "target": "Senta Belay"
    },
    {
      "source": "Michael Sagayaraj",
      "target": "Karyn Palmer"
    },
    {
      "source": "Julia Clark",
      "target": "Travis Teo"
    },
    {
      "source": "Al Hilwa",
      "target": "Sebastian Wagner"
    },
    {
      "source": "Stephan Kamps",
      "target": "Laura Strobel"
    },
    {
      "source": "Jack Nehmer",
      "target": "Dietmar Bohn"
    },
    {
      "source": "Michael Renz",
      "target": "Drew Bates"
    },
    {
      "source": "Kathleen O\\'Brien",
      "target": "Cassandra Girard"
    },
    {
      "source": "Charles Tigges",
      "target": "Katja Kolmetz"
    },
    {
      "source": "Lan Feng",
      "target": "Dietmar Bohn"
    },
    {
      "source": "Steve Hamrick",
      "target": "Jack Nehmer"
    },
    {
      "source": "Regina Mattukat",
      "target": "Karen McDermott"
    },
    {
      "source": "Jung-chan Kim",
      "target": "Steve Lee"
    },
    {
      "source": "Michael Sagayaraj",
      "target": "Sebastian Wagner"
    },
    {
      "source": "John Heald",
      "target": "Stephan Bahr"
    },
    {
      "source": "Jeff ALLEN",
      "target": "Christian Lieske"
    },
    {
      "source": "Charles Tigges",
      "target": "Rainer Wellige"
    },
    {
      "source": "Karen McDermott",
      "target": "Regina Mattukat"
    },
    {
      "source": "Carrie Lande",
      "target": "Eva Woo"
    },
    {
      "source": "Roger Weiss",
      "target": "Nadine Glasstetter"
    },
    {
      "source": "Jack Wang",
      "target": "Bob McGlynn"
    },
    {
      "source": "Magen Mintchev",
      "target": "Michael Kuehn"
    },
    {
      "source": "Ceylan Thomson",
      "target": "Andy Rubinson"
    },
    {
      "source": "Beth Solomon",
      "target": "Lisa Munzenmaier"
    },
    {
      "source": "Julien Grisha Quester-Semeon",
      "target": "Vanessa Ko"
    },
    {
      "source": "Senta Belay",
      "target": "Eva-Maria Roe"
    },
    {
      "source": "Gena Moore",
      "target": "Milja Gillespie"
    },
    {
      "source": "Dan Chase",
      "target": "Dawn DeFrancesco"
    },
    {
      "source": "Rob Jonkers",
      "target": "James Krouse"
    },
    {
      "source": "Bogdan Grigore",
      "target": "Lyndsey Spurgin"
    },
    {
      "source": "John Leggio",
      "target": "Mark Labedz"
    },
    {
      "source": "Morgan Jiang",
      "target": "Michael Renz"
    },
    {
      "source": "Alfred Wu",
      "target": "Ben Nottle"
    },
    {
      "source": "Alexandra Bogdan",
      "target": "Alexis Luna"
    },
    {
      "source": "Joonsik Moon",
      "target": "Timo ELLIOTT"
    },
    {
      "source": "David Moore",
      "target": "Cindy Beauchamp"
    },
    {
      "source": "Anna Sahagun",
      "target": "Lisa Munzenmaier"
    },
    {
      "source": "Michaela Wohner",
      "target": "Marcel Lindsay"
    },
    {
      "source": "Silvia Gao",
      "target": "Emily Loggenberg"
    },
    {
      "source": "Stephanie Waters",
      "target": "Cassandra Girard"
    },
    {
      "source": "Ansgar Erlenkoetter",
      "target": "Karsten Egetoft"
    },
    {
      "source": "Jeff ALLEN",
      "target": "Daniel Dahlmeier"
    },
    {
      "source": "Phoebe Poon",
      "target": "Sebastian Wagner"
    },
    {
      "source": "Tanzilia Gareis",
      "target": "Vera Geier"
    },
    {
      "source": "Silke Rastaetter",
      "target": "Stephan Meck"
    },
    {
      "source": "Oana Elisa Olteanu",
      "target": "Vasco Alexander Schmidt"
    },
    {
      "source": "Karyn Palmer",
      "target": "Dirk Kansky"
    },
    {
      "source": "Nam Ki Park",
      "target": "Nam Joong Kim"
    },
    {
      "source": "Ravi Chaturvedi",
      "target": "Alfred Wu"
    },
    {
      "source": "Christine Dover",
      "target": "Christian Hofer"
    },
    {
      "source": "Eva-Maria Roe",
      "target": "Senta Belay"
    },
    {
      "source": "Ian Armstrong",
      "target": "Simon Anstey"
    },
    {
      "source": "Natalia Ivanova",
      "target": "Timo Kirchner"
    },
    {
      "source": "Wendy Cismoski",
      "target": "Rita Shapiro-Das"
    },
    {
      "source": "Krista Elkin",
      "target": "Carla Hamilton"
    },
    {
      "source": "Stefan Schmitt",
      "target": "Matthew Sell"
    },
    {
      "source": "Chris Doering",
      "target": "Mona Abdel Meged"
    },
    {
      "source": "Nan Wang",
      "target": "Jie Che"
    },
    {
      "source": "Joni Wong Angkasa",
      "target": "Jack Wang"
    },
    {
      "source": "Timo Kirchner",
      "target": "Natalia Ivanova"
    },
    {
      "source": "Silvia Gao",
      "target": "Julien Grisha Quester-Semeon"
    },
    {
      "source": "Nan Wang",
      "target": "Ashok Munirathinam"
    },
    {
      "source": "Katie Sedgwick",
      "target": "Beth Solomon"
    },
    {
      "source": "Charles Tigges",
      "target": "Konni Werle"
    },
    {
      "source": "Yann LEMAN",
      "target": "Emmanuel DROUYNOT"
    },
    {
      "source": "Soon Fuller",
      "target": "Jorge Granada"
    },
    {
      "source": "Sang Hee Jung",
      "target": "Shinsuke Soeda"
    },
    {
      "source": "Paige Dos Santos",
      "target": "Stratis Pelekidis"
    },
    {
      "source": "Alfred Wu",
      "target": "Marcel Lindsay"
    },
    {
      "source": "Karyn Palmer",
      "target": "Michael Sagayaraj"
    },
    {
      "source": "Matthew Sell",
      "target": "Kristin McMahon"
    },
    {
      "source": "Senta Belay",
      "target": "Charles Tigges"
    },
    {
      "source": "Sean MacNiven",
      "target": "Timo ELLIOTT"
    },
    {
      "source": "Adem Baykal",
      "target": "Dean Farrow"
    },
    {
      "source": "Ben Nottle",
      "target": "Alfred Wu"
    },
    {
      "source": "Ashraf Hamed",
      "target": "Kristin Thome"
    }
  ]
}