,username,posts,comments,likes,views,posts_trans,comments_trans,likes_trans,views_trans,contribution
0,I072355,59.0,59.0,4.0,639.0,4.07753744390572,4.07753744390572,1.3862943611198906,6.459904454377535,100.0
1,D062462,26.0,26.0,10.0,9151.0,3.258096538021482,3.258096538021482,2.302585092994046,9.121618441915379,96.22938067168532
2,D042855,19.0,19.0,5.0,2412.0,2.9444389791664403,2.9444389791664403,1.6094379124341003,7.788211557847076,89.93899381500006
4,D051985,15.0,15.0,12.0,4381.0,2.70805020110221,2.70805020110221,2.4849066497880004,8.385032287813898,89.92106094117463
8,I830178,11.0,11.0,17.0,2164.0,2.3978952727983707,2.3978952727983707,2.833213344056216,7.679713639966372,86.39354234007712
10,D062193,9.0,9.0,24.0,2291.0,2.1972245773362196,2.1972245773362196,3.1780538303479458,7.736743682453495,84.92281564204801
3,I839276,16.0,16.0,0.0,696.0,2.772588722239781,2.772588722239781,0.0,6.54534966033442,82.78386928953772
13,,8.0,8.0,11.0,2094.0,2.0794415416798357,2.0794415416798357,2.3978952727983707,7.646831391430482,81.52522094654597
6,I834197,13.0,13.0,0.0,626.0,2.5649493574615367,2.5649493574615367,0.0,6.439350371100098,80.10467587634338
5,I052600,14.0,14.0,0.0,167.0,2.6390573296152584,2.6390573296152584,0.0,5.117993812416755,79.3770873018928
7,I812424,12.0,12.0,1.0,311.0,2.4849066497880004,2.4849066497880004,0.0,5.739792912179234,78.21003380579425
41,I321755,5.0,5.0,9.0,4333.0,1.6094379124341003,1.6094379124341003,2.1972245773362196,8.374015421739909,75.97144566223221
18,I044260,7.0,7.0,4.0,481.0,1.9459101490553132,1.9459101490553132,1.3862943611198906,6.175867270105761,75.36987221862792
9,I802327,10.0,10.0,0.0,89.0,2.302585092994046,2.302585092994046,0.0,4.48863636973214,74.17568134177961
42,I838899,5.0,5.0,7.0,1438.0,1.6094379124341003,1.6094379124341003,1.9459101490553132,7.271008538280992,73.82807006928489
151,D019566,2.0,2.0,196.0,15287.0,0.6931471805599453,0.6931471805599453,5.278114659230517,9.634758073001034,73.64535570801324
11,I039535,9.0,9.0,0.0,151.0,2.1972245773362196,2.1972245773362196,0.0,5.017279836814924,73.46465737214206
14,D059680,8.0,8.0,1.0,473.0,2.0794415416798357,2.0794415416798357,0.0,6.159095388491933,73.41562541484694
43,I064055,5.0,5.0,7.0,525.0,1.6094379124341003,1.6094379124341003,1.9459101490553132,6.263398262591624,72.45062856863363
22,D058487,6.0,6.0,3.0,444.0,1.791759469228055,1.791759469228055,1.0986122886681098,6.095824562432225,72.3968510026104
15,I051666,8.0,8.0,1.0,194.0,2.0794415416798357,2.0794415416798357,0.0,5.267858159063328,72.19165223488596
12,I802433,9.0,9.0,0.0,49.0,2.1972245773362196,2.1972245773362196,0.0,3.8918202981106265,71.91661413210063
16,I849621,8.0,8.0,0.0,109.0,2.0794415416798357,2.0794415416798357,0.0,4.6913478822291435,71.38872976336418
60,D050143,4.0,4.0,6.0,2217.0,1.3862943611198906,1.3862943611198906,1.791759469228055,7.7039102096163115,70.91743919876336
44,D036041,5.0,5.0,3.0,914.0,1.6094379124341003,1.6094379124341003,1.0986122886681098,6.81783057145415,70.85969780794098
23,I073941,6.0,6.0,2.0,280.0,1.791759469228055,1.791759469228055,0.6931471805599453,5.634789603169249,70.61834763737538
19,I024789,7.0,7.0,1.0,143.0,1.9459101490553132,1.9459101490553132,0.0,4.962844630259907,69.88290760361528
17,I329402,8.0,8.0,0.0,33.0,2.0794415416798357,2.0794415416798357,0.0,3.4965075614664802,69.69519545374696
40,I077736,6.0,5.0,0.0,815.0,1.791759469228055,1.6094379124341003,0.0,6.703188113240863,69.11980582660902
20,I307991,7.0,7.0,0.0,84.0,1.9459101490553132,1.9459101490553132,0.0,4.430816798843313,69.11752273758061
21,I811379,7.0,7.0,0.0,69.0,1.9459101490553132,1.9459101490553132,0.0,4.23410650459726,68.83237668510942
24,I024580,6.0,6.0,1.0,285.0,1.791759469228055,1.791759469228055,0.0,5.652489180268651,68.65329656880328
26,I833588,6.0,6.0,0.0,277.0,1.791759469228055,1.791759469228055,0.0,5.6240175061873385,68.61181888584198
27,I007578,6.0,6.0,0.0,201.0,1.791759469228055,1.791759469228055,0.0,5.303304908059076,68.14285921931867
59,I834319,4.0,4.0,7.0,225.0,1.3862943611198906,1.3862943611198906,1.9459101490553132,5.41610040220442,68.06940413434441
63,I837206,4.0,4.0,3.0,1023.0,1.3862943611198906,1.3862943611198906,1.0986122886681098,6.930494765951626,67.80419734741457
28,I817627,6.0,6.0,0.0,152.0,1.791759469228055,1.791759469228055,0.0,5.0238805208462765,67.73162612378799
61,I848919,4.0,4.0,6.0,231.0,1.3862943611198906,1.3862943611198906,1.791759469228055,5.442417710521793,67.65394180467014
25,C5256835,6.0,6.0,1.0,141.0,1.791759469228055,1.791759469228055,0.0,4.948759890378168,67.62064340856305
153,D043523,2.0,2.0,19.0,22285.0,0.6931471805599453,0.6931471805599453,2.9444389791664403,10.011669085380657,67.56985532550968
29,I817683,6.0,6.0,0.0,123.0,1.791759469228055,1.791759469228055,0.0,4.812184355372417,67.41839960578983
30,I840764,6.0,6.0,0.0,105.0,1.791759469228055,1.791759469228055,0.0,4.653960350157523,67.18333709307869
31,I829594,6.0,6.0,0.0,101.0,1.791759469228055,1.791759469228055,0.0,4.61512051684126,67.125509595192
32,I823667,6.0,6.0,0.0,94.0,1.791759469228055,1.791759469228055,0.0,4.543294782270004,67.01843889209478
62,D038060,4.0,4.0,5.0,197.0,1.3862943611198906,1.3862943611198906,1.6094379124341003,5.2832037287379885,66.87526378315694
33,I300348,6.0,6.0,0.0,77.0,1.791759469228055,1.791759469228055,0.0,4.343805421853684,66.72015854661129
34,I823262,6.0,6.0,0.0,72.0,1.791759469228055,1.791759469228055,0.0,4.276666119016055,66.61947019070273
35,I808762,6.0,6.0,0.0,69.0,1.791759469228055,1.791759469228055,0.0,4.23410650459726,66.55556494213094
84,I818302,3.0,3.0,4.0,4128.0,1.0986122886681098,1.0986122886681098,1.3862943611198906,8.325548307161398,66.45417286131473
47,D057083,5.0,5.0,0.0,378.0,1.6094379124341003,1.6094379124341003,0.0,5.934894195619588,66.37139068633816
36,I071885,6.0,6.0,0.0,54.0,1.791759469228055,1.791759469228055,0.0,3.9889840465642745,66.18630104533067
37,I001135,6.0,6.0,0.0,52.0,1.791759469228055,1.791759469228055,0.0,3.9512437185814275,66.12926408168546
64,D044664,4.0,4.0,3.0,264.0,1.3862943611198906,1.3862943611198906,1.0986122886681098,5.575949103146316,65.77645982293548
65,I823813,4.0,4.0,2.0,522.0,1.3862943611198906,1.3862943611198906,0.6931471805599453,6.257667587882639,65.5797559179315
38,I851781,6.0,6.0,0.0,30.0,1.791759469228055,1.791759469228055,0.0,3.4011973816621555,65.29232426626268
85,D032955,3.0,3.0,4.0,1822.0,1.0986122886681098,1.0986122886681098,1.3862943611198906,7.507690077819904,65.2120478066802
48,I036171,5.0,5.0,0.0,162.0,1.6094379124341003,1.6094379124341003,0.0,5.087596335232384,65.08247529267528
45,D055299,5.0,5.0,1.0,161.0,1.6094379124341003,1.6094379124341003,0.0,5.081404364984463,65.0729620580285
39,I075923,6.0,6.0,0.0,26.0,1.791759469228055,1.791759469228055,0.0,3.258096538021482,65.07282030236516
49,I062905,5.0,5.0,0.0,122.0,1.6094379124341003,1.6094379124341003,0.0,4.804021044733257,64.64535911388717
50,D068609,5.0,5.0,0.0,117.0,1.6094379124341003,1.6094379124341003,0.0,4.762173934797756,64.58060351000954
51,I822901,5.0,5.0,0.0,107.0,1.6094379124341003,1.6094379124341003,0.0,4.672828834461906,64.4421301707134
52,I834749,5.0,5.0,0.0,89.0,1.6094379124341003,1.6094379124341003,0.0,4.48863636973214,64.15571247911863
53,I803749,5.0,5.0,0.0,87.0,1.6094379124341003,1.6094379124341003,0.0,4.465908118654584,64.1202815702167
46,I816984,5.0,5.0,1.0,81.0,1.6094379124341003,1.6094379124341003,0.0,4.394449154672439,64.00875693481555
54,I847944,5.0,5.0,0.0,75.0,1.6094379124341003,1.6094379124341003,0.0,4.31748811353631,63.88842757285235
55,I030401,5.0,5.0,0.0,70.0,1.6094379124341003,1.6094379124341003,0.0,4.248495242049359,63.78036354811882
56,D067078,5.0,5.0,0.0,69.0,1.6094379124341003,1.6094379124341003,0.0,4.23410650459726,63.75780328390218
66,D036607,4.0,4.0,1.0,572.0,1.3862943611198906,1.3862943611198906,0.0,6.349138991379798,63.574999307885356
87,I333957,3.0,3.0,3.0,1106.0,1.0986122886681098,1.0986122886681098,1.0986122886681098,7.00850518208228,63.54317573310081
86,D061585,3.0,3.0,4.0,311.0,1.0986122886681098,1.0986122886681098,1.3862943611198906,5.739792912179234,62.44267269905456
71,D039236,4.0,4.0,0.0,194.0,1.3862943611198906,1.3862943611198906,0.0,5.267858159063328,61.85109856412271
72,I819273,4.0,4.0,0.0,181.0,1.3862943611198906,1.3862943611198906,0.0,5.198497031265826,61.73887228086279
73,D038147,4.0,4.0,0.0,178.0,1.3862943611198906,1.3862943611198906,0.0,5.181783550292085,61.71179935973483
57,I817216,5.0,5.0,0.0,18.0,1.6094379124341003,1.6094379124341003,0.0,2.8903717578961645,61.61455032335877
74,I830206,4.0,4.0,0.0,152.0,1.3862943611198906,1.3862943611198906,0.0,5.0238805208462765,61.45543542134089
67,I030049,4.0,4.0,1.0,148.0,1.3862943611198906,1.3862943611198906,0.0,4.997212273764115,61.41203247361386
68,I811203,4.0,4.0,1.0,131.0,1.3862943611198906,1.3862943611198906,0.0,4.875197323201151,61.213058914666604
88,I010684,3.0,3.0,2.0,520.0,1.0986122886681098,1.0986122886681098,0.6931471805599453,6.253828811575473,61.03001824934354
75,I826666,4.0,4.0,0.0,110.0,1.3862943611198906,1.3862943611198906,0.0,4.700480365792417,60.92701115077888
89,I030593,3.0,3.0,2.0,418.0,1.0986122886681098,1.0986122886681098,0.6931471805599453,6.035481432524756,60.671249551307525
152,C5245697,2.0,2.0,20.0,227.0,0.6931471805599453,0.6931471805599453,2.995732273553991,5.424950017481403,60.57227045775723
69,D068682,4.0,4.0,1.0,86.0,1.3862943611198906,1.3862943611198906,0.0,4.454347296253507,60.52174665822434
90,D050756,3.0,3.0,2.0,360.0,1.0986122886681098,1.0986122886681098,0.6931471805599453,5.886104031450156,60.42457895706391
154,I811030,2.0,2.0,13.0,458.0,0.6931471805599453,0.6931471805599453,2.5649493574615367,6.126869184114185,60.30817223777603
58,I345155,5.0,5.0,0.0,8.0,1.6094379124341003,1.6094379124341003,0.0,2.0794415416798357,60.28426232973669
76,D045066,4.0,4.0,0.0,71.0,1.3862943611198906,1.3862943611198906,0.0,4.2626798770413155,60.20427198823385
91,I814985,3.0,3.0,2.0,310.0,1.0986122886681098,1.0986122886681098,0.6931471805599453,5.736572297479192,60.17664082047748
94,I823213,3.0,3.0,1.0,1173.0,1.0986122886681098,1.0986122886681098,0.0,7.067319848653476,60.08427819535177
77,D063866,4.0,4.0,0.0,63.0,1.3862943611198906,1.3862943611198906,0.0,4.143134726391533,60.00540889830348
78,I051812,4.0,4.0,0.0,58.0,1.3862943611198906,1.3862943611198906,0.0,4.060443010546419,59.8674649189417
108,I837365,3.0,3.0,0.0,1013.0,1.0986122886681098,1.0986122886681098,0.0,6.920671504248683,59.839747925109414
79,I844431,4.0,4.0,0.0,48.0,1.3862943611198906,1.3862943611198906,0.0,3.871201010907891,59.550574392606244
92,D024000,3.0,3.0,2.0,212.0,1.0986122886681098,1.0986122886681098,0.6931471805599453,5.356586274672012,59.541941959679995
80,C5262716,4.0,4.0,0.0,47.0,1.3862943611198906,1.3862943611198906,0.0,3.8501476017100584,59.51521562681306
95,D048681,3.0,3.0,1.0,635.0,1.0986122886681098,1.0986122886681098,0.0,6.453624998892692,59.054219379538296
70,D058883,4.0,4.0,1.0,31.0,1.3862943611198906,1.3862943611198906,0.0,3.4339872044851463,58.81191976428628
93,D053001,3.0,3.0,2.0,136.0,1.0986122886681098,1.0986122886681098,0.6931471805599453,4.912654885736052,58.7917557406729
96,I823145,3.0,3.0,1.0,457.0,1.0986122886681098,1.0986122886681098,0.0,6.124683390894205,58.494639542806794
81,I860037,4.0,4.0,0.0,21.0,1.3862943611198906,1.3862943611198906,0.0,3.044522437723423,58.146033465031906
97,D053956,3.0,3.0,1.0,352.0,1.0986122886681098,1.0986122886681098,0.0,5.863631175598097,58.04671072787126
109,D066367,3.0,3.0,0.0,349.0,1.0986122886681098,1.0986122886681098,0.0,5.855071922202427,58.031965716898796
82,D043162,4.0,4.0,0.0,18.0,1.3862943611198906,1.3862943611198906,0.0,2.8903717578961645,57.88035869084738
98,D032821,3.0,3.0,1.0,284.0,1.0986122886681098,1.0986122886681098,0.0,5.648974238161206,57.67578342015065
110,I823135,3.0,3.0,0.0,254.0,1.0986122886681098,1.0986122886681098,0.0,5.537334267018537,57.48192334733059
111,I027238,3.0,3.0,0.0,238.0,1.0986122886681098,1.0986122886681098,0.0,5.472270673671475,57.36863986794723
112,I030565,3.0,3.0,0.0,202.0,1.0986122886681098,1.0986122886681098,0.0,5.308267697401205,57.08209356253248
113,I847820,3.0,3.0,0.0,200.0,1.0986122886681098,1.0986122886681098,0.0,5.298317366548036,57.0646620282932
156,I034465,2.0,2.0,5.0,451.0,0.6931471805599453,0.6931471805599453,1.6094379124341003,6.111467339502679,57.02500598568736
157,I028435,2.0,2.0,5.0,446.0,0.6931471805599453,0.6931471805599453,1.6094379124341003,6.100318952020064,57.00545571224627
114,I066551,3.0,3.0,0.0,165.0,1.0986122886681098,1.0986122886681098,0.0,5.10594547390058,56.726601581214446
99,I841291,3.0,3.0,1.0,163.0,1.0986122886681098,1.0986122886681098,0.0,5.093750200806762,56.70510255757928
100,D033227,3.0,3.0,1.0,160.0,1.0986122886681098,1.0986122886681098,0.0,5.075173815233827,56.67233860947043
115,I839099,3.0,3.0,0.0,123.0,1.0986122886681098,1.0986122886681098,0.0,4.812184355372417,56.20644399525797
101,I861180,3.0,3.0,1.0,116.0,1.0986122886681098,1.0986122886681098,0.0,4.7535901911063645,56.102115445268296
116,D044115,3.0,3.0,0.0,110.0,1.0986122886681098,1.0986122886681098,0.0,4.700480365792417,56.00738400871123
102,I830888,3.0,3.0,1.0,110.0,1.0986122886681098,1.0986122886681098,0.0,4.700480365792417,56.00738400871123
158,I801856,2.0,2.0,4.0,385.0,0.6931471805599453,0.6931471805599453,1.3862943611198906,5.953243334287785,55.95505435034666
161,I844893,2.0,2.0,3.0,684.0,0.6931471805599453,0.6931471805599453,1.0986122886681098,6.52795791762255,55.95389365786153
117,I841366,3.0,3.0,0.0,103.0,1.0986122886681098,1.0986122886681098,0.0,4.634728988229636,55.88988152507943
118,D021227,3.0,3.0,0.0,101.0,1.0986122886681098,1.0986122886681098,0.0,4.61512051684126,55.854791912604256
119,I844892,3.0,3.0,0.0,100.0,1.0986122886681098,1.0986122886681098,0.0,4.605170185988092,55.83697723303025
103,C5165998,3.0,3.0,1.0,96.0,1.0986122886681098,1.0986122886681098,0.0,4.564348191467836,55.763831576594754
159,I855009,2.0,2.0,4.0,339.0,0.6931471805599453,0.6931471805599453,1.3862943611198906,5.82600010738045,55.72722373976657
104,I822302,3.0,3.0,1.0,91.0,1.0986122886681098,1.0986122886681098,0.0,4.51085950651685,55.66784402293179
120,I805187,3.0,3.0,0.0,90.0,1.0986122886681098,1.0986122886681098,0.0,4.499809670330265,55.647994021463994
121,I305171,3.0,3.0,0.0,84.0,1.0986122886681098,1.0986122886681098,0.0,4.430816798843313,55.52389427274978
122,I837315,3.0,3.0,0.0,79.0,1.0986122886681098,1.0986122886681098,0.0,4.3694478524670215,55.413274374842054
123,I849250,3.0,3.0,0.0,78.0,1.0986122886681098,1.0986122886681098,0.0,4.356708826689592,55.390284099524195
105,C5237473,3.0,3.0,1.0,75.0,1.0986122886681098,1.0986122886681098,0.0,4.31748811353631,55.31944200816878
124,I007506,3.0,3.0,0.0,73.0,1.0986122886681098,1.0986122886681098,0.0,4.290459441148391,55.27056884173138
125,D045643,3.0,3.0,0.0,70.0,1.0986122886681098,1.0986122886681098,0.0,4.248495242049359,55.194603546848235
126,I071139,3.0,3.0,0.0,68.0,1.0986122886681098,1.0986122886681098,0.0,4.219507705176107,55.14206801913378
127,I801532,3.0,3.0,0.0,68.0,1.0986122886681098,1.0986122886681098,0.0,4.219507705176107,55.14206801913378
128,I042645,3.0,3.0,0.0,66.0,1.0986122886681098,1.0986122886681098,0.0,4.189654742026425,55.087911669762875
129,I061048,3.0,3.0,0.0,61.0,1.0986122886681098,1.0986122886681098,0.0,4.110873864173311,54.944738742172525
130,C5240280,3.0,3.0,0.0,60.0,1.0986122886681098,1.0986122886681098,0.0,4.0943445622221,54.914651734835694
131,D055731,3.0,3.0,0.0,59.0,1.0986122886681098,1.0986122886681098,0.0,4.07753744390572,54.884042128287085
155,I070487,2.0,2.0,6.0,92.0,0.6931471805599453,0.6931471805599453,1.791759469228055,4.5217885770490405,54.83505014375261
132,I844277,3.0,3.0,0.0,52.0,1.0986122886681098,1.0986122886681098,0.0,3.9512437185814275,54.653483961879346
133,D028073,3.0,3.0,0.0,52.0,1.0986122886681098,1.0986122886681098,0.0,3.9512437185814275,54.653483961879346
134,D019363,3.0,3.0,0.0,42.0,1.0986122886681098,1.0986122886681098,0.0,3.7376696182833684,54.26136018687798
309,I801711,1.0,1.0,22.0,4708.0,0.0,0.0,3.091042453358316,8.457018468380168,54.105083385421054
160,I036232,2.0,2.0,4.0,128.0,0.6931471805599453,0.6931471805599453,1.3862943611198906,4.852030263919617,53.9514609951313
106,I058164,3.0,3.0,1.0,35.0,1.0986122886681098,1.0986122886681098,0.0,3.5553480614894135,53.924360309718665
135,I809473,3.0,3.0,0.0,35.0,1.0986122886681098,1.0986122886681098,0.0,3.5553480614894135,53.924360309718665
163,D000628,2.0,2.0,2.0,477.0,0.6931471805599453,0.6931471805599453,0.6931471805599453,6.1675164908883415,53.820077524034666
136,I833600,3.0,3.0,0.0,33.0,1.0986122886681098,1.0986122886681098,0.0,3.4965075614664802,53.81515015545537
164,D057415,2.0,2.0,2.0,475.0,0.6931471805599453,0.6931471805599453,0.6931471805599453,6.163314804034641,53.81227127273655
137,I309666,3.0,3.0,0.0,31.0,1.0986122886681098,1.0986122886681098,0.0,3.4339872044851463,53.698866674194846
138,I309954,3.0,3.0,0.0,30.0,1.0986122886681098,1.0986122886681098,0.0,3.4011973816621555,53.637779123271905
165,I077313,2.0,2.0,2.0,406.0,0.6931471805599453,0.6931471805599453,0.6931471805599453,6.0063531596017325,53.51983884058731
166,D067920,2.0,2.0,2.0,401.0,0.6931471805599453,0.6931471805599453,0.6931471805599453,5.993961427306569,53.49668394373245
193,I337675,2.0,2.0,0.0,1587.0,0.6931471805599453,0.6931471805599453,0.0,7.369600720526409,53.4767661200895
139,I048108,3.0,3.0,0.0,26.0,1.0986122886681098,1.0986122886681098,0.0,3.258096538021482,53.37036334230838
167,I055633,2.0,2.0,2.0,349.0,0.6931471805599453,0.6931471805599453,0.6931471805599453,5.855071922202427,53.23646928736067
140,I854661,3.0,3.0,0.0,23.0,1.0986122886681098,1.0986122886681098,0.0,3.1354942159291497,53.14018325727083
141,D064061,3.0,3.0,0.0,23.0,1.0986122886681098,1.0986122886681098,0.0,3.1354942159291497,53.14018325727083
107,D050787,3.0,3.0,1.0,21.0,1.0986122886681098,1.0986122886681098,0.0,3.044522437723423,52.96874156942675
142,I040829,3.0,3.0,0.0,21.0,1.0986122886681098,1.0986122886681098,0.0,3.044522437723423,52.96874156942675
194,D045105,2.0,2.0,0.0,1130.0,0.6931471805599453,0.6931471805599453,0.0,7.029972911706386,52.837956427756374
168,D058575,2.0,2.0,2.0,255.0,0.6931471805599453,0.6931471805599453,0.6931471805599453,5.541263545158426,52.643801733123354
169,I843610,2.0,2.0,2.0,251.0,0.6931471805599453,0.6931471805599453,0.6931471805599453,5.5254529391317835,52.61376471228683
143,C5038697,3.0,3.0,0.0,17.0,1.0986122886681098,1.0986122886681098,0.0,2.833213344056216,52.568359434777854
144,I851701,3.0,3.0,0.0,17.0,1.0986122886681098,1.0986122886681098,0.0,2.833213344056216,52.568359434777854
145,I068209,3.0,3.0,0.0,17.0,1.0986122886681098,1.0986122886681098,0.0,2.833213344056216,52.568359434777854
83,I017344,4.0,0.0,0.0,245.0,1.3862943611198906,0.0,0.0,5.501258210544727,52.56776629058894
162,D046082,2.0,2.0,3.0,105.0,0.6931471805599453,0.6931471805599453,1.0986122886681098,4.653960350157523,52.49854920161442
170,D020761,2.0,2.0,2.0,220.0,0.6931471805599453,0.6931471805599453,0.6931471805599453,5.393627546352362,52.362651829308746
146,I332808,3.0,3.0,0.0,14.0,1.0986122886681098,1.0986122886681098,0.0,2.6390573296152584,52.19777121673029
171,I305544,2.0,2.0,2.0,173.0,0.6931471805599453,0.6931471805599453,0.6931471805599453,5.153291594497779,51.90171171088828
147,D055172,3.0,3.0,0.0,12.0,1.0986122886681098,1.0986122886681098,0.0,2.4849066497880004,51.901657338264826
310,D050386,1.0,1.0,11.0,5762.0,0.0,0.0,2.3978952727983707,8.659039915644474,51.87044176720755
195,D029321,2.0,2.0,0.0,534.0,0.6931471805599453,0.6931471805599453,0.0,6.280395838960195,51.39997870367522
196,D022749,2.0,2.0,0.0,510.0,0.6931471805599453,0.6931471805599453,0.0,6.234410725718371,51.310449569605325
177,I822673,2.0,2.0,1.0,504.0,0.6931471805599453,0.6931471805599453,0.0,6.222576268071369,51.28738359365659
172,I808015,2.0,2.0,2.0,116.0,0.6931471805599453,0.6931471805599453,0.6931471805599453,4.7535901911063645,51.125922726646124
149,I854455,3.0,3.0,0.0,8.0,1.0986122886681098,1.0986122886681098,0.0,2.0794415416798357,51.114594501023475
148,I326580,3.0,3.0,0.0,8.0,1.0986122886681098,1.0986122886681098,0.0,2.0794415416798357,51.114594501023475
197,I807849,2.0,2.0,0.0,431.0,0.6931471805599453,0.6931471805599453,0.0,6.066108090103747,50.98143783418244
173,I824552,2.0,2.0,2.0,105.0,0.6931471805599453,0.6931471805599453,0.6931471805599453,4.653960350157523,50.930709217181835
198,D036094,2.0,2.0,0.0,417.0,0.6931471805599453,0.6931471805599453,0.0,6.0330862217988015,50.916634502189915
199,I843109,2.0,2.0,0.0,409.0,0.6931471805599453,0.6931471805599453,0.0,6.013715156042802,50.87858159774984
174,I063378,2.0,2.0,2.0,99.0,0.6931471805599453,0.6931471805599453,0.6931471805599453,4.59511985013459,50.815065608606425
200,I838620,2.0,2.0,0.0,381.0,0.6931471805599453,0.6931471805599453,0.0,5.942799375126701,50.73902975636202
175,I006721,2.0,2.0,2.0,84.0,0.6931471805599453,0.6931471805599453,0.6931471805599453,4.430816798843313,50.49074620589673
176,D032871,2.0,2.0,2.0,82.0,0.6931471805599453,0.6931471805599453,0.6931471805599453,4.406719247264253,50.443004473903514
178,D050939,2.0,2.0,1.0,257.0,0.6931471805599453,0.6931471805599453,0.0,5.54907608489522,49.95715035183074
201,D045376,2.0,2.0,0.0,229.0,0.6931471805599453,0.6931471805599453,0.0,5.43372200355424,49.725744687057244
202,I806923,2.0,2.0,0.0,201.0,0.6931471805599453,0.6931471805599453,0.0,5.303304908059076,49.46281804774159
150,I312264,3.0,2.0,0.0,17.0,1.0986122886681098,0.6931471805599453,0.0,2.833213344056216,49.38736032473894
179,I863163,2.0,2.0,1.0,133.0,0.6931471805599453,0.6931471805599453,0.0,4.890349128221754,48.6209029854586
180,D047681,2.0,2.0,1.0,128.0,0.6931471805599453,0.6931471805599453,0.0,4.852030263919617,48.542039924004186
203,D048358,2.0,2.0,0.0,127.0,0.6931471805599453,0.6931471805599453,0.0,4.844187086458591,48.52588228235528
204,I067902,2.0,2.0,0.0,122.0,0.6931471805599453,0.6931471805599453,0.0,4.804021044733257,48.44305220339635
205,D044681,2.0,2.0,0.0,117.0,0.6931471805599453,0.6931471805599453,0.0,4.762173934797756,48.35660452859158
206,I844380,2.0,2.0,0.0,107.0,0.6931471805599453,0.6931471805599453,0.0,4.672828834461906,48.17151640499517
207,I048575,2.0,2.0,0.0,106.0,0.6931471805599453,0.6931471805599453,0.0,4.663439094112067,48.15202321958792
208,I021459,2.0,2.0,0.0,101.0,0.6931471805599453,0.6931471805599453,0.0,4.61512051684126,48.051588371814745
209,I865249,2.0,2.0,0.0,99.0,0.6931471805599453,0.6931471805599453,0.0,4.59511985013459,48.0099535621958
210,C5259512,2.0,2.0,0.0,95.0,0.6931471805599453,0.6931471805599453,0.0,4.553876891600541,47.92398509168634
181,I834748,2.0,2.0,1.0,93.0,0.6931471805599453,0.6931471805599453,0.0,4.532599493153256,47.87957327381839
211,D050076,2.0,2.0,0.0,89.0,0.6931471805599453,0.6931471805599453,0.0,4.48863636973214,47.787679327635146
212,I310680,2.0,2.0,0.0,87.0,0.6931471805599453,0.6931471805599453,0.0,4.465908118654584,47.740102225083504
213,I849559,2.0,2.0,0.0,83.0,0.6931471805599453,0.6931471805599453,0.0,4.418840607796598,47.6414246144375
214,I054220,2.0,2.0,0.0,82.0,0.6931471805599453,0.6931471805599453,0.0,4.406719247264253,47.61597892085672
182,I332652,2.0,2.0,1.0,81.0,0.6931471805599453,0.6931471805599453,0.0,4.394449154672439,47.59020714556566
215,D028658,2.0,2.0,0.0,79.0,0.6931471805599453,0.6931471805599453,0.0,4.3694478524670215,47.53765183931078
216,D046948,2.0,2.0,0.0,79.0,0.6931471805599453,0.6931471805599453,0.0,4.3694478524670215,47.53765183931078
217,D041366,2.0,2.0,0.0,71.0,0.6931471805599453,0.6931471805599453,0.0,4.2626798770413155,47.31255760175461
218,D049191,2.0,2.0,0.0,71.0,0.6931471805599453,0.6931471805599453,0.0,4.2626798770413155,47.31255760175461
219,I816981,2.0,2.0,0.0,70.0,0.6931471805599453,0.6931471805599453,0.0,4.248495242049359,47.28257211856978
220,C5193022,2.0,2.0,0.0,69.0,0.6931471805599453,0.6931471805599453,0.0,4.23410650459726,47.25213573380907
316,D063566,1.0,1.0,7.0,1376.0,0.0,0.0,1.9459101490553132,7.226936018493289,47.152957552689486
221,I828442,2.0,2.0,0.0,64.0,0.6931471805599453,0.6931471805599453,0.0,4.1588830833596715,47.09269597402794
222,D041835,2.0,2.0,0.0,61.0,0.6931471805599453,0.6931471805599453,0.0,4.110873864173311,46.9906552508006
224,I836547,2.0,2.0,0.0,55.0,0.6931471805599453,0.6931471805599453,0.0,4.007333185232471,46.76982791364378
223,D029731,2.0,2.0,0.0,55.0,0.6931471805599453,0.6931471805599453,0.0,4.007333185232471,46.76982791364378
183,I805361,2.0,2.0,1.0,55.0,0.6931471805599453,0.6931471805599453,0.0,4.007333185232471,46.76982791364378
225,I808383,2.0,2.0,0.0,54.0,0.6931471805599453,0.6931471805599453,0.0,3.9889840465642745,46.730584767400984
226,D049571,2.0,2.0,0.0,54.0,0.6931471805599453,0.6931471805599453,0.0,3.9889840465642745,46.730584767400984
229,I052360,2.0,2.0,0.0,53.0,0.6931471805599453,0.6931471805599453,0.0,3.970291913552122,46.69057414787641
227,I849177,2.0,2.0,0.0,53.0,0.6931471805599453,0.6931471805599453,0.0,3.970291913552122,46.69057414787641
228,D027207,2.0,2.0,0.0,53.0,0.6931471805599453,0.6931471805599453,0.0,3.970291913552122,46.69057414787641
230,I064673,2.0,2.0,0.0,52.0,0.6931471805599453,0.6931471805599453,0.0,3.9512437185814275,46.64976607256894
231,I857895,2.0,2.0,0.0,51.0,0.6931471805599453,0.6931471805599453,0.0,3.9318256327243257,46.60812878086813
233,D020711,2.0,2.0,0.0,50.0,0.6931471805599453,0.6931471805599453,0.0,3.912023005428146,46.565628591210384
232,I830811,2.0,2.0,0.0,50.0,0.6931471805599453,0.6931471805599453,0.0,3.912023005428146,46.565628591210384
234,I833428,2.0,2.0,0.0,49.0,0.6931471805599453,0.6931471805599453,0.0,3.8918202981106265,46.522229743635094
235,I021663,2.0,2.0,0.0,49.0,0.6931471805599453,0.6931471805599453,0.0,3.8918202981106265,46.522229743635094
236,D029302,2.0,2.0,0.0,47.0,0.6931471805599453,0.6931471805599453,0.0,3.8501476017100584,46.43258158117165
238,D050808,2.0,2.0,0.0,45.0,0.6931471805599453,0.6931471805599453,0.0,3.8066624897703196,46.33884955612843
237,I063445,2.0,2.0,0.0,45.0,0.6931471805599453,0.6931471805599453,0.0,3.8066624897703196,46.33884955612843
239,I073714,2.0,2.0,0.0,44.0,0.6931471805599453,0.6931471805599453,0.0,3.784189633918261,46.29033499700556
240,I863709,2.0,2.0,0.0,42.0,0.6931471805599453,0.6931471805599453,0.0,3.7376696182833684,46.18974534227383
242,I054189,2.0,2.0,0.0,41.0,0.6931471805599453,0.6931471805599453,0.0,3.713572066704308,46.13755328049031
241,I818531,2.0,2.0,0.0,41.0,0.6931471805599453,0.6931471805599453,0.0,3.713572066704308,46.13755328049031
184,I304263,2.0,2.0,1.0,41.0,0.6931471805599453,0.6931471805599453,0.0,3.713572066704308,46.13755328049031
243,I331508,2.0,2.0,0.0,40.0,0.6931471805599453,0.6931471805599453,0.0,3.6888794541139363,46.08401107930704
323,D049209,1.0,1.0,3.0,4318.0,0.0,0.0,1.0986122886681098,8.370547611074752,45.96979353145481
185,I058492,2.0,2.0,1.0,36.0,0.6931471805599453,0.6931471805599453,0.0,3.58351893845611,45.854850225997346
244,I318656,2.0,2.0,0.0,35.0,0.6931471805599453,0.6931471805599453,0.0,3.5553480614894135,45.79338380450132
245,I852822,2.0,2.0,0.0,34.0,0.6931471805599453,0.6931471805599453,0.0,3.5263605246161616,45.73004925647236
186,I305296,2.0,2.0,1.0,33.0,0.6931471805599453,0.6931471805599453,0.0,3.4965075614664802,45.664732033684466
246,I062243,2.0,2.0,0.0,33.0,0.6931471805599453,0.6931471805599453,0.0,3.4965075614664802,45.664732033684466
247,I071555,2.0,2.0,0.0,32.0,0.6931471805599453,0.6931471805599453,0.0,3.4657359027997265,45.597306808854825
248,I834105,2.0,2.0,0.0,32.0,0.6931471805599453,0.6931471805599453,0.0,3.4657359027997265,45.597306808854825
250,I055790,2.0,2.0,0.0,31.0,0.6931471805599453,0.6931471805599453,0.0,3.4339872044851463,45.527636085645334
251,I830639,2.0,2.0,0.0,31.0,0.6931471805599453,0.6931471805599453,0.0,3.4339872044851463,45.527636085645334
188,D059325,2.0,2.0,1.0,31.0,0.6931471805599453,0.6931471805599453,0.0,3.4339872044851463,45.527636085645334
249,I059214,2.0,2.0,0.0,31.0,0.6931471805599453,0.6931471805599453,0.0,3.4339872044851463,45.527636085645334
187,D025003,2.0,2.0,1.0,31.0,0.6931471805599453,0.6931471805599453,0.0,3.4339872044851463,45.527636085645334
252,D027046,2.0,2.0,0.0,31.0,0.6931471805599453,0.6931471805599453,0.0,3.4339872044851463,45.527636085645334
254,I022727,2.0,2.0,0.0,30.0,0.6931471805599453,0.6931471805599453,0.0,3.4011973816621555,45.45556857779808
253,I009433,2.0,2.0,0.0,30.0,0.6931471805599453,0.6931471805599453,0.0,3.4011973816621555,45.45556857779808
314,I824572,1.0,1.0,8.0,475.0,0.0,0.0,2.0794415416798357,6.163314804034641,45.43253002246576
189,D062143,2.0,2.0,1.0,28.0,0.6931471805599453,0.6931471805599453,0.0,3.332204510175204,45.30355738051381
255,I005179,2.0,2.0,0.0,28.0,0.6931471805599453,0.6931471805599453,0.0,3.332204510175204,45.30355738051381
256,D028179,2.0,2.0,0.0,27.0,0.6931471805599453,0.6931471805599453,0.0,3.295836866004329,45.223223313048564
257,I037389,2.0,2.0,0.0,27.0,0.6931471805599453,0.6931471805599453,0.0,3.295836866004329,45.223223313048564
258,I037541,2.0,2.0,0.0,27.0,0.6931471805599453,0.6931471805599453,0.0,3.295836866004329,45.223223313048564
259,I023100,2.0,2.0,0.0,27.0,0.6931471805599453,0.6931471805599453,0.0,3.295836866004329,45.223223313048564
311,D032728,1.0,1.0,11.0,227.0,0.0,0.0,2.3978952727983707,5.424950017481403,45.20869951442562
260,I860826,2.0,2.0,0.0,26.0,0.6931471805599453,0.6931471805599453,0.0,3.258096538021482,45.139705900061145
261,I076510,2.0,2.0,0.0,25.0,0.6931471805599453,0.6931471805599453,0.0,3.2188758248682006,45.052748420192536
262,D038335,2.0,2.0,0.0,25.0,0.6931471805599453,0.6931471805599453,0.0,3.2188758248682006,45.052748420192536
190,I062039,2.0,2.0,1.0,24.0,0.6931471805599453,0.6931471805599453,0.0,3.1780538303479458,44.962062072307674
267,I842057,2.0,2.0,0.0,23.0,0.6931471805599453,0.6931471805599453,0.0,3.1354942159291497,44.86732042445066
266,I810153,2.0,2.0,0.0,23.0,0.6931471805599453,0.6931471805599453,0.0,3.1354942159291497,44.86732042445066
265,I818373,2.0,2.0,0.0,23.0,0.6931471805599453,0.6931471805599453,0.0,3.1354942159291497,44.86732042445066
264,I302918,2.0,2.0,0.0,23.0,0.6931471805599453,0.6931471805599453,0.0,3.1354942159291497,44.86732042445066
263,I055315,2.0,2.0,0.0,23.0,0.6931471805599453,0.6931471805599453,0.0,3.1354942159291497,44.86732042445066
268,D032968,2.0,2.0,0.0,22.0,0.6931471805599453,0.6931471805599453,0.0,3.091042453358316,44.768152611578785
269,I306141,2.0,2.0,0.0,22.0,0.6931471805599453,0.6931471805599453,0.0,3.091042453358316,44.768152611578785
271,D028595,2.0,2.0,0.0,21.0,0.6931471805599453,0.6931471805599453,0.0,3.044522437723423,44.664134928404444
270,I302246,2.0,2.0,0.0,21.0,0.6931471805599453,0.6931471805599453,0.0,3.044522437723423,44.664134928404444
191,I852153,2.0,2.0,1.0,21.0,0.6931471805599453,0.6931471805599453,0.0,3.044522437723423,44.664134928404444
272,C5265931,2.0,2.0,0.0,20.0,0.6931471805599453,0.6931471805599453,0.0,2.995732273553991,44.55478034146622
273,D043166,2.0,2.0,0.0,19.0,0.6931471805599453,0.6931471805599453,0.0,2.9444389791664403,44.43952527163787
313,I026637,1.0,1.0,10.0,186.0,0.0,0.0,2.302585092994046,5.225746673713202,44.33817809870505
274,I062161,2.0,2.0,0.0,18.0,0.6931471805599453,0.6931471805599453,0.0,2.8903717578961645,44.31771274972637
275,I034367,2.0,2.0,0.0,18.0,0.6931471805599453,0.6931471805599453,0.0,2.8903717578961645,44.31771274972637
317,I048345,1.0,1.0,6.0,462.0,0.0,0.0,1.791759469228055,6.135564891081739,44.0852690812169
192,I035258,2.0,2.0,1.0,16.0,0.6931471805599453,0.6931471805599453,0.0,2.772588722239781,44.051183438580274
276,I026893,2.0,2.0,0.0,15.0,0.6931471805599453,0.6931471805599453,0.0,2.70805020110221,43.90445408895908
312,I053532,1.0,1.0,11.0,121.0,0.0,0.0,2.3978952727983707,4.795790545596741,43.79514144552235
278,I817784,2.0,2.0,0.0,14.0,0.6931471805599453,0.6931471805599453,0.0,2.6390573296152584,43.74705344875376
277,I813458,2.0,2.0,0.0,14.0,0.6931471805599453,0.6931471805599453,0.0,2.6390573296152584,43.74705344875376
319,I043129,1.0,1.0,4.0,859.0,0.0,0.0,1.3862943611198906,6.755768921984255,43.65056373287199
281,D058324,2.0,2.0,0.0,13.0,0.6931471805599453,0.6931471805599453,0.0,2.5649493574615367,43.577349883427125
280,I806815,2.0,2.0,0.0,13.0,0.6931471805599453,0.6931471805599453,0.0,2.5649493574615367,43.577349883427125
279,I013085,2.0,2.0,0.0,13.0,0.6931471805599453,0.6931471805599453,0.0,2.5649493574615367,43.577349883427125
282,I051039,2.0,2.0,0.0,12.0,0.6931471805599453,0.6931471805599453,0.0,2.4849066497880004,43.39331054336209
284,I071603,2.0,2.0,0.0,11.0,0.6931471805599453,0.6931471805599453,0.0,2.3978952727983707,43.19235884241817
283,I850988,2.0,2.0,0.0,11.0,0.6931471805599453,0.6931471805599453,0.0,2.3978952727983707,43.19235884241817
285,I338784,2.0,2.0,0.0,10.0,0.6931471805599453,0.6931471805599453,0.0,2.302585092994046,42.97116271867583
286,I853098,2.0,2.0,0.0,10.0,0.6931471805599453,0.6931471805599453,0.0,2.302585092994046,42.97116271867583
287,I047125,2.0,2.0,0.0,10.0,0.6931471805599453,0.6931471805599453,0.0,2.302585092994046,42.97116271867583
320,D064969,1.0,1.0,4.0,627.0,0.0,0.0,1.3862943611198906,6.440946540632921,42.92338691173521
289,I006953,2.0,2.0,0.0,9.0,0.6931471805599453,0.6931471805599453,0.0,2.1972245773362196,42.72530909760478
288,I332292,2.0,2.0,0.0,9.0,0.6931471805599453,0.6931471805599453,0.0,2.1972245773362196,42.72530909760478
290,D054360,2.0,2.0,0.0,9.0,0.6931471805599453,0.6931471805599453,0.0,2.1972245773362196,42.72530909760478
291,I061521,2.0,2.0,0.0,9.0,0.6931471805599453,0.6931471805599453,0.0,2.1972245773362196,42.72530909760478
294,I825161,2.0,2.0,0.0,8.0,0.6931471805599453,0.6931471805599453,0.0,2.0794415416798357,42.448782508548575
295,D034571,2.0,2.0,0.0,8.0,0.6931471805599453,0.6931471805599453,0.0,2.0794415416798357,42.448782508548575
293,I848591,2.0,2.0,0.0,8.0,0.6931471805599453,0.6931471805599453,0.0,2.0794415416798357,42.448782508548575
292,I856176,2.0,2.0,0.0,8.0,0.6931471805599453,0.6931471805599453,0.0,2.0794415416798357,42.448782508548575
315,I862057,1.0,1.0,8.0,119.0,0.0,0.0,2.0794415416798357,4.77912349311153,42.27670843792453
297,I070942,2.0,2.0,0.0,7.0,0.6931471805599453,0.6931471805599453,0.0,1.9459101490553132,42.13308746776966
296,D034960,2.0,2.0,0.0,7.0,0.6931471805599453,0.6931471805599453,0.0,1.9459101490553132,42.13308746776966
298,I824525,2.0,2.0,0.0,6.0,0.6931471805599453,0.6931471805599453,0.0,1.791759469228055,41.76567698519048
299,I059651,2.0,2.0,0.0,6.0,0.6931471805599453,0.6931471805599453,0.0,1.791759469228055,41.76567698519048
301,I812884,2.0,2.0,0.0,5.0,0.6931471805599453,0.6931471805599453,0.0,1.6094379124341003,41.32690648371259
302,I046711,2.0,2.0,0.0,5.0,0.6931471805599453,0.6931471805599453,0.0,1.6094379124341003,41.32690648371259
300,I070263,2.0,2.0,0.0,5.0,0.6931471805599453,0.6931471805599453,0.0,1.6094379124341003,41.32690648371259
303,D053453,2.0,2.0,0.0,4.0,0.6931471805599453,0.6931471805599453,0.0,1.3862943611198906,40.78347104620535
318,I825328,1.0,1.0,6.0,111.0,0.0,0.0,1.791759469228055,4.709530201312334,40.722829996457605
321,I820844,1.0,1.0,4.0,249.0,0.0,0.0,1.3862943611198906,5.517452896464707,40.71544514481924
334,D038001,1.0,1.0,2.0,829.0,0.0,0.0,0.6931471805599453,6.720220155135295,40.26223823417026
304,I337824,2.0,2.0,0.0,3.0,0.6931471805599453,0.6931471805599453,0.0,1.0986122886681098,40.07198707513618
324,I307084,1.0,1.0,3.0,291.0,0.0,0.0,1.0986122886681098,5.673323267171493,39.67192859047335
325,I824353,1.0,1.0,3.0,240.0,0.0,0.0,1.0986122886681098,5.480638923341991,39.18330144631969
305,I058845,2.0,2.0,0.0,2.0,0.6931471805599453,0.6931471805599453,0.0,0.6931471805599453,39.04720072803275
306,I060393,2.0,2.0,0.0,2.0,0.6931471805599453,0.6931471805599453,0.0,0.6931471805599453,39.04720072803275
735,I824382,1.0,0.0,0.0,1976.0,0.0,0.0,0.0,7.588829878307813,38.95545134185394
335,I812274,1.0,1.0,2.0,452.0,0.0,0.0,0.6931471805599453,6.113682179832232,38.72672614089813
326,D069846,1.0,1.0,3.0,194.0,0.0,0.0,1.0986122886681098,5.267858159063328,38.636532642474755
327,I326825,1.0,1.0,3.0,170.0,0.0,0.0,1.0986122886681098,5.135798437050262,38.29326135963231
328,D048755,1.0,1.0,3.0,169.0,0.0,0.0,1.0986122886681098,5.1298987149230735,38.277853999008954
322,I843397,1.0,1.0,4.0,84.0,0.0,0.0,1.3862943611198906,4.430816798843313,37.95331929327343
329,D069714,1.0,1.0,3.0,130.0,0.0,0.0,1.0986122886681098,4.867534450455582,37.5862941682435
308,D048153,2.0,2.0,0.0,0.0,0.6931471805599453,0.6931471805599453,0.0,0.0,37.230045108942484
307,C5248553,2.0,2.0,0.0,0.0,0.6931471805599453,0.6931471805599453,0.0,0.0,37.230045108942484
330,D055101,1.0,1.0,3.0,110.0,0.0,0.0,1.0986122886681098,4.700480365792417,37.139250784195
379,I859983,1.0,1.0,0.0,951.0,0.0,0.0,0.0,6.85751406254539,37.03089301274405
345,I839738,1.0,1.0,1.0,906.0,0.0,0.0,0.0,6.80903930604298,36.89977793027789
380,I847761,1.0,1.0,0.0,796.0,0.0,0.0,0.0,6.679599185844383,36.547361876935774
336,I035602,1.0,1.0,2.0,197.0,0.0,0.0,0.6931471805599453,5.2832037287379885,36.51971739762713
381,I833863,1.0,1.0,0.0,700.0,0.0,0.0,0.0,6.551080335043404,36.19405937325743
382,D063972,1.0,1.0,0.0,673.0,0.0,0.0,0.0,6.511745329644728,36.085234799446916
734,I047894,1.0,0.0,3.0,73.0,0.0,0.0,1.0986122886681098,4.290459441148391,36.018504485898006
337,I031008,1.0,1.0,2.0,123.0,0.0,0.0,0.6931471805599453,4.812184355372417,35.206543496841
383,D020870,1.0,1.0,0.0,428.0,0.0,0.0,0.0,6.059123195581797,34.80853323117199
346,I331694,1.0,1.0,1.0,428.0,0.0,0.0,0.0,6.059123195581797,34.80853323117199
384,D033853,1.0,1.0,0.0,422.0,0.0,0.0,0.0,6.045005314036012,34.7679572828605
385,I067772,1.0,1.0,0.0,419.0,0.0,0.0,0.0,6.037870919922137,34.74743442741345
331,I331381,1.0,1.0,3.0,45.0,0.0,0.0,1.0986122886681098,3.8066624897703196,34.64950934780449
338,I305519,1.0,1.0,2.0,93.0,0.0,0.0,0.6931471805599453,4.532599493153256,34.40337962805152
386,I834767,1.0,1.0,0.0,289.0,0.0,0.0,0.0,5.666426688112432,33.66165534563347
387,I805376,1.0,1.0,0.0,276.0,0.0,0.0,0.0,5.62040086571715,33.52466740111232
388,I340789,1.0,1.0,0.0,269.0,0.0,0.0,0.0,5.594711379601839,33.447963098893815
389,I806021,1.0,1.0,0.0,255.0,0.0,0.0,0.0,5.541263545158426,33.28781083729795
332,D038414,1.0,1.0,3.0,28.0,0.0,0.0,1.0986122886681098,3.332204510175204,33.25224550594431
390,I080902,1.0,1.0,0.0,252.0,0.0,0.0,0.0,5.529429087511423,33.25224550594431
347,D039858,1.0,1.0,1.0,243.0,0.0,0.0,0.0,5.493061443340548,33.142713327063994
339,D021961,1.0,1.0,2.0,60.0,0.0,0.0,0.6931471805599453,4.0943445622221,33.105216108057355
340,I304826,1.0,1.0,2.0,59.0,0.0,0.0,0.6931471805599453,4.07753744390572,33.05441632736054
391,C5240470,1.0,1.0,0.0,219.0,0.0,0.0,0.0,5.389071729816501,32.827500301799795
348,I801775,1.0,1.0,1.0,206.0,0.0,0.0,0.0,5.327876168789581,32.64058194041449
349,D019712,1.0,1.0,1.0,197.0,0.0,0.0,0.0,5.2832037287379885,32.503453770942116
333,I016095,1.0,1.0,3.0,21.0,0.0,0.0,1.0986122886681098,3.044522437723423,32.3756771166381
392,I007099,1.0,1.0,0.0,186.0,0.0,0.0,0.0,5.225746673713202,32.326226255943354
393,I811726,1.0,1.0,0.0,183.0,0.0,0.0,0.0,5.209486152841421,32.2758936579871
341,D038890,1.0,1.0,2.0,44.0,0.0,0.0,0.6931471805599453,3.784189633918261,32.15484577919608
395,D044939,1.0,1.0,0.0,175.0,0.0,0.0,0.0,5.1647859739235145,32.13712311567583
394,D058556,1.0,1.0,0.0,175.0,0.0,0.0,0.0,5.1647859739235145,32.13712311567583
396,I800309,1.0,1.0,0.0,173.0,0.0,0.0,0.0,5.153291594497779,32.10134215174635
397,I039164,1.0,1.0,0.0,172.0,0.0,0.0,0.0,5.147494476813453,32.08328111050824
398,I045528,1.0,1.0,0.0,171.0,0.0,0.0,0.0,5.14166355650266,32.0651044942415
399,D034906,1.0,1.0,0.0,157.0,0.0,0.0,0.0,5.056245805348308,31.797642423755093
350,C5222006,1.0,1.0,1.0,154.0,0.0,0.0,0.0,5.0369526024136295,31.736919040646548
401,D030885,1.0,1.0,0.0,150.0,0.0,0.0,0.0,5.0106352940962555,31.653900180177594
400,D067891,1.0,1.0,0.0,150.0,0.0,0.0,0.0,5.0106352940962555,31.653900180177594
402,I811324,1.0,1.0,0.0,148.0,0.0,0.0,0.0,4.997212273764115,31.61147283681068
342,I818995,1.0,1.0,2.0,37.0,0.0,0.0,0.6931471805599453,3.6109179126442243,31.61147283681068
351,I310754,1.0,1.0,1.0,147.0,0.0,0.0,0.0,4.990432586778736,31.590022013947106
352,I049502,1.0,1.0,1.0,146.0,0.0,0.0,0.0,4.983606621708336,31.568410042478632
403,I862430,1.0,1.0,0.0,144.0,0.0,0.0,0.0,4.969813299576001,31.524693213376956
343,I841186,1.0,1.0,2.0,36.0,0.0,0.0,0.6931471805599453,3.58351893845611,31.524693213376956
404,D062651,1.0,1.0,0.0,143.0,0.0,0.0,0.0,4.962844630259907,31.502583506865925
353,I839930,1.0,1.0,1.0,138.0,0.0,0.0,0.0,4.927253685157205,31.38942016784977
354,I329516,1.0,1.0,1.0,136.0,0.0,0.0,0.0,4.912654885736052,31.34288432720057
344,I305821,1.0,1.0,2.0,34.0,0.0,0.0,0.6931471805599453,3.5263605246161616,31.34288432720057
405,D063501,1.0,1.0,0.0,135.0,0.0,0.0,0.0,4.90527477843843,31.319332826667967
355,I301382,1.0,1.0,1.0,133.0,0.0,0.0,0.0,4.890349128221754,31.27164767497046
406,D062316,1.0,1.0,0.0,129.0,0.0,0.0,0.0,4.859812404361672,31.173860274099926
407,I826033,1.0,1.0,0.0,127.0,0.0,0.0,0.0,4.844187086458591,31.123704671312993
408,D020948,1.0,1.0,0.0,124.0,0.0,0.0,0.0,4.820281565605037,31.04681369312866
409,I020292,1.0,1.0,0.0,123.0,0.0,0.0,0.0,4.812184355372417,31.02072618802112
356,I311709,1.0,1.0,1.0,122.0,0.0,0.0,0.0,4.804021044733257,30.994403494293806
357,D002306,1.0,1.0,1.0,119.0,0.0,0.0,0.0,4.77912349311153,30.913982613971697
410,I841093,1.0,1.0,0.0,117.0,0.0,0.0,0.0,4.762173934797756,30.859114418931597
358,D069103,1.0,1.0,1.0,115.0,0.0,0.0,0.0,4.74493212836325,30.80319989799875
411,I047582,1.0,1.0,0.0,110.0,0.0,0.0,0.0,4.700480365792417,30.658574170031958
412,I010747,1.0,1.0,0.0,107.0,0.0,0.0,0.0,4.672828834461906,30.568263508790068
413,D068200,1.0,1.0,0.0,97.0,0.0,0.0,0.0,4.574710978503383,30.24563191734716
414,D055204,1.0,1.0,0.0,95.0,0.0,0.0,0.0,4.553876891600541,30.176681200130055
415,I800266,1.0,1.0,0.0,92.0,0.0,0.0,0.0,4.5217885770490405,30.070175174401864
416,I323649,1.0,1.0,0.0,92.0,0.0,0.0,0.0,4.5217885770490405,30.070175174401864
417,I007646,1.0,1.0,0.0,91.0,0.0,0.0,0.0,4.51085950651685,30.033813690598315
418,I803126,1.0,1.0,0.0,89.0,0.0,0.0,0.0,4.48863636973214,29.959740264344674
419,D025380,1.0,1.0,0.0,88.0,0.0,0.0,0.0,4.477336814478207,29.922006637297823
420,D033846,1.0,1.0,0.0,85.0,0.0,0.0,0.0,4.442651256490317,29.805879638147598
359,I821137,1.0,1.0,1.0,85.0,0.0,0.0,0.0,4.442651256490317,29.805879638147598
421,I824293,1.0,1.0,0.0,84.0,0.0,0.0,0.0,4.430816798843313,29.766154300675197
422,D063836,1.0,1.0,0.0,83.0,0.0,0.0,0.0,4.418840607796598,29.725899153419043
423,I843771,1.0,1.0,0.0,82.0,0.0,0.0,0.0,4.406719247264253,29.685100467702302
424,I035842,1.0,1.0,0.0,82.0,0.0,0.0,0.0,4.406719247264253,29.685100467702302
425,I852872,1.0,1.0,0.0,81.0,0.0,0.0,0.0,4.394449154672439,29.64374398324133
426,D068509,1.0,1.0,0.0,81.0,0.0,0.0,0.0,4.394449154672439,29.64374398324133
360,I831879,1.0,1.0,1.0,80.0,0.0,0.0,0.0,4.382026634673881,29.601814880597964
427,I052633,1.0,1.0,0.0,77.0,0.0,0.0,0.0,4.343805421853684,29.472434651911
428,I816350,1.0,1.0,0.0,75.0,0.0,0.0,0.0,4.31748811353631,29.383018407496152
429,I853843,1.0,1.0,0.0,72.0,0.0,0.0,0.0,4.276666119016055,29.243779788463492
430,I833500,1.0,1.0,0.0,72.0,0.0,0.0,0.0,4.276666119016055,29.243779788463492
431,C5257575,1.0,1.0,0.0,72.0,0.0,0.0,0.0,4.276666119016055,29.243779788463492
432,D068505,1.0,1.0,0.0,67.0,0.0,0.0,0.0,4.204692619390966,28.99665879155925
433,D020039,1.0,1.0,0.0,66.0,0.0,0.0,0.0,4.189654742026425,28.944759780929353
434,D050906,1.0,1.0,0.0,66.0,0.0,0.0,0.0,4.189654742026425,28.944759780929353
361,I006248,1.0,1.0,1.0,66.0,0.0,0.0,0.0,4.189654742026425,28.944759780929353
362,I812489,1.0,1.0,1.0,65.0,0.0,0.0,0.0,4.174387269895637,28.89197301584591
435,I009282,1.0,1.0,0.0,65.0,0.0,0.0,0.0,4.174387269895637,28.89197301584591
436,I803059,1.0,1.0,0.0,65.0,0.0,0.0,0.0,4.174387269895637,28.89197301584591
437,D063543,1.0,1.0,0.0,62.0,0.0,0.0,0.0,4.127134385045092,28.72798312820536
439,I300034,1.0,1.0,0.0,61.0,0.0,0.0,0.0,4.110873864173311,28.671334501304656
441,I054310,1.0,1.0,0.0,61.0,0.0,0.0,0.0,4.110873864173311,28.671334501304656
438,I826571,1.0,1.0,0.0,61.0,0.0,0.0,0.0,4.110873864173311,28.671334501304656
440,I837186,1.0,1.0,0.0,61.0,0.0,0.0,0.0,4.110873864173311,28.671334501304656
363,D044267,1.0,1.0,1.0,61.0,0.0,0.0,0.0,4.110873864173311,28.671334501304656
442,D036644,1.0,1.0,0.0,60.0,0.0,0.0,0.0,4.0943445622221,28.613634543664702
443,D035533,1.0,1.0,0.0,60.0,0.0,0.0,0.0,4.0943445622221,28.613634543664702
444,I821874,1.0,1.0,0.0,58.0,0.0,0.0,0.0,4.060443010546419,28.494926534260983
445,D069398,1.0,1.0,0.0,58.0,0.0,0.0,0.0,4.060443010546419,28.494926534260983
446,D021577,1.0,1.0,0.0,57.0,0.0,0.0,0.0,4.04305126783455,28.43383612688653
449,I821323,1.0,1.0,0.0,56.0,0.0,0.0,0.0,4.02535169073515,28.371529363025264
448,I815439,1.0,1.0,0.0,56.0,0.0,0.0,0.0,4.02535169073515,28.371529363025264
447,I851490,1.0,1.0,0.0,56.0,0.0,0.0,0.0,4.02535169073515,28.371529363025264
450,D062650,1.0,1.0,0.0,55.0,0.0,0.0,0.0,4.007333185232471,28.307959026711224
453,D027179,1.0,1.0,0.0,54.0,0.0,0.0,0.0,3.9889840465642745,28.243075149306183
452,D057188,1.0,1.0,0.0,54.0,0.0,0.0,0.0,3.9889840465642745,28.243075149306183
451,I863832,1.0,1.0,0.0,54.0,0.0,0.0,0.0,3.9889840465642745,28.243075149306183
364,I828525,1.0,1.0,1.0,54.0,0.0,0.0,0.0,3.9889840465642745,28.243075149306183
455,D060963,1.0,1.0,0.0,52.0,0.0,0.0,0.0,3.9512437185814275,28.109151815939097
454,I848992,1.0,1.0,0.0,52.0,0.0,0.0,0.0,3.9512437185814275,28.109151815939097
458,D034265,1.0,1.0,0.0,51.0,0.0,0.0,0.0,3.9318256327243257,28.039996605564994
457,I838755,1.0,1.0,0.0,51.0,0.0,0.0,0.0,3.9318256327243257,28.039996605564994
456,I031627,1.0,1.0,0.0,51.0,0.0,0.0,0.0,3.9318256327243257,28.039996605564994
459,D019393,1.0,1.0,0.0,50.0,0.0,0.0,0.0,3.912023005428146,27.96929579522262
460,I837967,1.0,1.0,0.0,50.0,0.0,0.0,0.0,3.912023005428146,27.96929579522262
461,I828789,1.0,1.0,0.0,49.0,0.0,0.0,0.0,3.8918202981106265,27.89698194259863
462,I067626,1.0,1.0,0.0,49.0,0.0,0.0,0.0,3.8918202981106265,27.89698194259863
464,I055632,1.0,1.0,0.0,48.0,0.0,0.0,0.0,3.871201010907891,27.822983176890755
463,I065907,1.0,1.0,0.0,48.0,0.0,0.0,0.0,3.871201010907891,27.822983176890755
467,I041625,1.0,1.0,0.0,47.0,0.0,0.0,0.0,3.8501476017100584,27.747222806584976
466,I835974,1.0,1.0,0.0,47.0,0.0,0.0,0.0,3.8501476017100584,27.747222806584976
465,I843002,1.0,1.0,0.0,47.0,0.0,0.0,0.0,3.8501476017100584,27.747222806584976
468,I075959,1.0,1.0,0.0,46.0,0.0,0.0,0.0,3.828641396489095,27.6696188831329
469,I800017,1.0,1.0,0.0,46.0,0.0,0.0,0.0,3.828641396489095,27.6696188831329
470,I058617,1.0,1.0,0.0,45.0,0.0,0.0,0.0,3.8066624897703196,27.590083714472712
471,I819375,1.0,1.0,0.0,43.0,0.0,0.0,0.0,3.7612001156935624,27.424836828194927
472,D066000,1.0,1.0,0.0,43.0,0.0,0.0,0.0,3.7612001156935624,27.424836828194927
473,I847971,1.0,1.0,0.0,42.0,0.0,0.0,0.0,3.7376696182833684,27.338915778980983
475,I840054,1.0,1.0,0.0,41.0,0.0,0.0,0.0,3.713572066704308,27.250643366647147
365,I308595,1.0,1.0,1.0,41.0,0.0,0.0,0.0,3.713572066704308,27.250643366647147
474,I040846,1.0,1.0,0.0,41.0,0.0,0.0,0.0,3.713572066704308,27.250643366647147
476,D038914,1.0,1.0,0.0,40.0,0.0,0.0,0.0,3.6888794541139363,27.15989356282167
478,I805299,1.0,1.0,0.0,39.0,0.0,0.0,0.0,3.6635616461296463,27.066530131967838
477,I066983,1.0,1.0,0.0,39.0,0.0,0.0,0.0,3.6635616461296463,27.066530131967838
479,I336378,1.0,1.0,0.0,38.0,0.0,0.0,0.0,3.6375861597263857,26.970405511153103
366,I311541,1.0,1.0,1.0,36.0,0.0,0.0,0.0,3.58351893845611,26.769217964571858
480,C5088073,1.0,1.0,0.0,36.0,0.0,0.0,0.0,3.58351893845611,26.769217964571858
482,I060529,1.0,1.0,0.0,35.0,0.0,0.0,0.0,3.5553480614894135,26.663790830496538
481,I324154,1.0,1.0,0.0,35.0,0.0,0.0,0.0,3.5553480614894135,26.663790830496538
483,I312766,1.0,1.0,0.0,34.0,0.0,0.0,0.0,3.5263605246161616,26.55487047954662
484,I812967,1.0,1.0,0.0,34.0,0.0,0.0,0.0,3.5263605246161616,26.55487047954662
367,D019562,1.0,1.0,1.0,34.0,0.0,0.0,0.0,3.5263605246161616,26.55487047954662
485,D035804,1.0,1.0,0.0,33.0,0.0,0.0,0.0,3.4965075614664802,26.4422293480394
486,D027160,1.0,1.0,0.0,32.0,0.0,0.0,0.0,3.4657359027997265,26.325617360414284
487,I850250,1.0,1.0,0.0,32.0,0.0,0.0,0.0,3.4657359027997265,26.325617360414284
488,I814510,1.0,1.0,0.0,32.0,0.0,0.0,0.0,3.4657359027997265,26.325617360414284
489,I810554,1.0,1.0,0.0,31.0,0.0,0.0,0.0,3.4339872044851463,26.204758894770674
368,I058959,1.0,1.0,1.0,31.0,0.0,0.0,0.0,3.4339872044851463,26.204758894770674
490,I821885,1.0,1.0,0.0,30.0,0.0,0.0,0.0,3.4011973816621555,26.079349223418372
491,I068381,1.0,1.0,0.0,30.0,0.0,0.0,0.0,3.4011973816621555,26.079349223418372
492,C5237259,1.0,1.0,0.0,30.0,0.0,0.0,0.0,3.4011973816621555,26.079349223418372
493,D048122,1.0,1.0,0.0,30.0,0.0,0.0,0.0,3.4011973816621555,26.079349223418372
369,I053714,1.0,1.0,1.0,30.0,0.0,0.0,0.0,3.4011973816621555,26.079349223418372
494,D002123,1.0,1.0,0.0,29.0,0.0,0.0,0.0,3.367295829986474,25.949050316178074
495,I049457,1.0,1.0,0.0,29.0,0.0,0.0,0.0,3.367295829986474,25.949050316178074
496,I817998,1.0,1.0,0.0,29.0,0.0,0.0,0.0,3.367295829986474,25.949050316178074
497,D046964,1.0,1.0,0.0,28.0,0.0,0.0,0.0,3.332204510175204,25.81348586525298
498,I844196,1.0,1.0,0.0,28.0,0.0,0.0,0.0,3.332204510175204,25.81348586525298
499,D031290,1.0,1.0,0.0,28.0,0.0,0.0,0.0,3.332204510175204,25.81348586525298
500,I843832,1.0,1.0,0.0,27.0,0.0,0.0,0.0,3.295836866004329,25.672235352769093
502,I822082,1.0,1.0,0.0,26.0,0.0,0.0,0.0,3.258096538021482,25.52482693242254
501,I079027,1.0,1.0,0.0,26.0,0.0,0.0,0.0,3.258096538021482,25.52482693242254
504,D050841,1.0,1.0,0.0,26.0,0.0,0.0,0.0,3.258096538021482,25.52482693242254
503,I808849,1.0,1.0,0.0,26.0,0.0,0.0,0.0,3.258096538021482,25.52482693242254
505,I803293,1.0,1.0,0.0,25.0,0.0,0.0,0.0,3.2188758248682006,25.37072883066761
506,I828199,1.0,1.0,0.0,25.0,0.0,0.0,0.0,3.2188758248682006,25.37072883066761
507,D046132,1.0,1.0,0.0,25.0,0.0,0.0,0.0,3.2188758248682006,25.37072883066761
509,D069499,1.0,1.0,0.0,24.0,0.0,0.0,0.0,3.1780538303479458,25.20933888423409
510,I016939,1.0,1.0,0.0,24.0,0.0,0.0,0.0,3.1780538303479458,25.20933888423409
508,I038109,1.0,1.0,0.0,24.0,0.0,0.0,0.0,3.1780538303479458,25.20933888423409
511,I863185,1.0,1.0,0.0,23.0,0.0,0.0,0.0,3.1354942159291497,25.039971710376108
512,D019601,1.0,1.0,0.0,23.0,0.0,0.0,0.0,3.1354942159291497,25.039971710376108
513,I850460,1.0,1.0,0.0,23.0,0.0,0.0,0.0,3.1354942159291497,25.039971710376108
514,D068581,1.0,1.0,0.0,23.0,0.0,0.0,0.0,3.1354942159291497,25.039971710376108
515,I863679,1.0,1.0,0.0,23.0,0.0,0.0,0.0,3.1354942159291497,25.039971710376108
370,I849946,1.0,1.0,1.0,23.0,0.0,0.0,0.0,3.1354942159291497,25.039971710376108
371,I852666,1.0,1.0,1.0,23.0,0.0,0.0,0.0,3.1354942159291497,25.039971710376108
372,I016510,1.0,1.0,1.0,22.0,0.0,0.0,0.0,3.091042453358316,24.861842840781463
736,I346746,1.0,0.0,0.0,22.0,0.0,0.0,0.0,3.091042453358316,24.861842840781463
516,I803827,1.0,1.0,0.0,22.0,0.0,0.0,0.0,3.091042453358316,24.861842840781463
517,D025032,1.0,1.0,0.0,22.0,0.0,0.0,0.0,3.091042453358316,24.861842840781463
518,I339822,1.0,1.0,0.0,22.0,0.0,0.0,0.0,3.091042453358316,24.861842840781463
519,I063917,1.0,1.0,0.0,21.0,0.0,0.0,0.0,3.044522437723423,24.674048919640775
520,I052408,1.0,1.0,0.0,21.0,0.0,0.0,0.0,3.044522437723423,24.674048919640775
521,I818415,1.0,1.0,0.0,21.0,0.0,0.0,0.0,3.044522437723423,24.674048919640775
525,I828624,1.0,1.0,0.0,20.0,0.0,0.0,0.0,2.995732273553991,24.47554274091614
524,I859078,1.0,1.0,0.0,20.0,0.0,0.0,0.0,2.995732273553991,24.47554274091614
527,I828990,1.0,1.0,0.0,20.0,0.0,0.0,0.0,2.995732273553991,24.47554274091614
526,I854211,1.0,1.0,0.0,20.0,0.0,0.0,0.0,2.995732273553991,24.47554274091614
522,I004604,1.0,1.0,0.0,20.0,0.0,0.0,0.0,2.995732273553991,24.47554274091614
523,D046669,1.0,1.0,0.0,20.0,0.0,0.0,0.0,2.995732273553991,24.47554274091614
373,I057990,1.0,1.0,1.0,20.0,0.0,0.0,0.0,2.995732273553991,24.47554274091614
374,I300898,1.0,1.0,1.0,20.0,0.0,0.0,0.0,2.995732273553991,24.47554274091614
528,I343061,1.0,1.0,0.0,19.0,0.0,0.0,0.0,2.9444389791664403,24.26510143301792
529,D057105,1.0,1.0,0.0,19.0,0.0,0.0,0.0,2.9444389791664403,24.26510143301792
530,I053798,1.0,1.0,0.0,19.0,0.0,0.0,0.0,2.9444389791664403,24.26510143301792
737,I335208,1.0,0.0,0.0,18.0,0.0,0.0,0.0,2.8903717578961645,24.04128541807545
534,C5244386,1.0,1.0,0.0,18.0,0.0,0.0,0.0,2.8903717578961645,24.04128541807545
536,I859416,1.0,1.0,0.0,18.0,0.0,0.0,0.0,2.8903717578961645,24.04128541807545
535,I829652,1.0,1.0,0.0,18.0,0.0,0.0,0.0,2.8903717578961645,24.04128541807545
532,I042528,1.0,1.0,0.0,18.0,0.0,0.0,0.0,2.8903717578961645,24.04128541807545
533,I811236,1.0,1.0,0.0,18.0,0.0,0.0,0.0,2.8903717578961645,24.04128541807545
531,I052849,1.0,1.0,0.0,18.0,0.0,0.0,0.0,2.8903717578961645,24.04128541807545
375,I824291,1.0,1.0,1.0,18.0,0.0,0.0,0.0,2.8903717578961645,24.04128541807545
541,I817829,1.0,1.0,0.0,17.0,0.0,0.0,0.0,2.833213344056216,23.802384760861823
544,I030066,1.0,1.0,0.0,17.0,0.0,0.0,0.0,2.833213344056216,23.802384760861823
543,I842421,1.0,1.0,0.0,17.0,0.0,0.0,0.0,2.833213344056216,23.802384760861823
542,D043834,1.0,1.0,0.0,17.0,0.0,0.0,0.0,2.833213344056216,23.802384760861823
540,D058748,1.0,1.0,0.0,17.0,0.0,0.0,0.0,2.833213344056216,23.802384760861823
539,I801529,1.0,1.0,0.0,17.0,0.0,0.0,0.0,2.833213344056216,23.802384760861823
538,I836514,1.0,1.0,0.0,17.0,0.0,0.0,0.0,2.833213344056216,23.802384760861823
537,D019811,1.0,1.0,0.0,17.0,0.0,0.0,0.0,2.833213344056216,23.802384760861823
738,I810314,1.0,0.0,0.0,16.0,0.0,0.0,0.0,2.772588722239781,23.54634798701397
545,I314457,1.0,1.0,0.0,16.0,0.0,0.0,0.0,2.772588722239781,23.54634798701397
546,D039338,1.0,1.0,0.0,16.0,0.0,0.0,0.0,2.772588722239781,23.54634798701397
547,D051527,1.0,1.0,0.0,16.0,0.0,0.0,0.0,2.772588722239781,23.54634798701397
559,I305784,1.0,1.0,0.0,15.0,0.0,0.0,0.0,2.70805020110221,23.270686067145153
558,I815324,1.0,1.0,0.0,15.0,0.0,0.0,0.0,2.70805020110221,23.270686067145153
557,I028519,1.0,1.0,0.0,15.0,0.0,0.0,0.0,2.70805020110221,23.270686067145153
556,D040052,1.0,1.0,0.0,15.0,0.0,0.0,0.0,2.70805020110221,23.270686067145153
555,I827063,1.0,1.0,0.0,15.0,0.0,0.0,0.0,2.70805020110221,23.270686067145153
554,I059770,1.0,1.0,0.0,15.0,0.0,0.0,0.0,2.70805020110221,23.270686067145153
553,I322270,1.0,1.0,0.0,15.0,0.0,0.0,0.0,2.70805020110221,23.270686067145153
552,I075996,1.0,1.0,0.0,15.0,0.0,0.0,0.0,2.70805020110221,23.270686067145153
551,I034373,1.0,1.0,0.0,15.0,0.0,0.0,0.0,2.70805020110221,23.270686067145153
550,I856251,1.0,1.0,0.0,15.0,0.0,0.0,0.0,2.70805020110221,23.270686067145153
548,I076500,1.0,1.0,0.0,15.0,0.0,0.0,0.0,2.70805020110221,23.270686067145153
549,I313989,1.0,1.0,0.0,15.0,0.0,0.0,0.0,2.70805020110221,23.270686067145153
566,I053055,1.0,1.0,0.0,14.0,0.0,0.0,0.0,2.6390573296152584,22.972340469230083
565,D053342,1.0,1.0,0.0,14.0,0.0,0.0,0.0,2.6390573296152584,22.972340469230083
564,I340826,1.0,1.0,0.0,14.0,0.0,0.0,0.0,2.6390573296152584,22.972340469230083
563,C5253538,1.0,1.0,0.0,14.0,0.0,0.0,0.0,2.6390573296152584,22.972340469230083
562,I068302,1.0,1.0,0.0,14.0,0.0,0.0,0.0,2.6390573296152584,22.972340469230083
561,I030118,1.0,1.0,0.0,14.0,0.0,0.0,0.0,2.6390573296152584,22.972340469230083
560,C5210933,1.0,1.0,0.0,14.0,0.0,0.0,0.0,2.6390573296152584,22.972340469230083
579,I310881,1.0,1.0,0.0,13.0,0.0,0.0,0.0,2.5649493574615367,22.647497964427195
578,I046083,1.0,1.0,0.0,13.0,0.0,0.0,0.0,2.5649493574615367,22.647497964427195
575,I016029,1.0,1.0,0.0,13.0,0.0,0.0,0.0,2.5649493574615367,22.647497964427195
577,D032313,1.0,1.0,0.0,13.0,0.0,0.0,0.0,2.5649493574615367,22.647497964427195
576,I834884,1.0,1.0,0.0,13.0,0.0,0.0,0.0,2.5649493574615367,22.647497964427195
571,I054930,1.0,1.0,0.0,13.0,0.0,0.0,0.0,2.5649493574615367,22.647497964427195
574,D042734,1.0,1.0,0.0,13.0,0.0,0.0,0.0,2.5649493574615367,22.647497964427195
572,I812204,1.0,1.0,0.0,13.0,0.0,0.0,0.0,2.5649493574615367,22.647497964427195
570,I309337,1.0,1.0,0.0,13.0,0.0,0.0,0.0,2.5649493574615367,22.647497964427195
569,I815873,1.0,1.0,0.0,13.0,0.0,0.0,0.0,2.5649493574615367,22.647497964427195
567,I804285,1.0,1.0,0.0,13.0,0.0,0.0,0.0,2.5649493574615367,22.647497964427195
568,I808552,1.0,1.0,0.0,13.0,0.0,0.0,0.0,2.5649493574615367,22.647497964427195
573,D003505,1.0,1.0,0.0,13.0,0.0,0.0,0.0,2.5649493574615367,22.647497964427195
586,I075020,1.0,1.0,0.0,12.0,0.0,0.0,0.0,2.4849066497880004,22.291324346004377
376,D057597,1.0,1.0,1.0,12.0,0.0,0.0,0.0,2.4849066497880004,22.291324346004377
589,I829763,1.0,1.0,0.0,12.0,0.0,0.0,0.0,2.4849066497880004,22.291324346004377
587,D059425,1.0,1.0,0.0,12.0,0.0,0.0,0.0,2.4849066497880004,22.291324346004377
588,D042666,1.0,1.0,0.0,12.0,0.0,0.0,0.0,2.4849066497880004,22.291324346004377
585,I071958,1.0,1.0,0.0,12.0,0.0,0.0,0.0,2.4849066497880004,22.291324346004377
584,I046521,1.0,1.0,0.0,12.0,0.0,0.0,0.0,2.4849066497880004,22.291324346004377
583,I835221,1.0,1.0,0.0,12.0,0.0,0.0,0.0,2.4849066497880004,22.291324346004377
582,I022931,1.0,1.0,0.0,12.0,0.0,0.0,0.0,2.4849066497880004,22.291324346004377
581,I336888,1.0,1.0,0.0,12.0,0.0,0.0,0.0,2.4849066497880004,22.291324346004377
580,I809870,1.0,1.0,0.0,12.0,0.0,0.0,0.0,2.4849066497880004,22.291324346004377
377,I807268,1.0,1.0,1.0,11.0,0.0,0.0,0.0,2.3978952727983707,21.897570722761174
601,D058954,1.0,1.0,0.0,11.0,0.0,0.0,0.0,2.3978952727983707,21.897570722761174
607,I334614,1.0,1.0,0.0,11.0,0.0,0.0,0.0,2.3978952727983707,21.897570722761174
606,D063180,1.0,1.0,0.0,11.0,0.0,0.0,0.0,2.3978952727983707,21.897570722761174
605,I034430,1.0,1.0,0.0,11.0,0.0,0.0,0.0,2.3978952727983707,21.897570722761174
604,I805321,1.0,1.0,0.0,11.0,0.0,0.0,0.0,2.3978952727983707,21.897570722761174
603,I011870,1.0,1.0,0.0,11.0,0.0,0.0,0.0,2.3978952727983707,21.897570722761174
602,I841406,1.0,1.0,0.0,11.0,0.0,0.0,0.0,2.3978952727983707,21.897570722761174
591,I813404,1.0,1.0,0.0,11.0,0.0,0.0,0.0,2.3978952727983707,21.897570722761174
600,D049660,1.0,1.0,0.0,11.0,0.0,0.0,0.0,2.3978952727983707,21.897570722761174
599,I338235,1.0,1.0,0.0,11.0,0.0,0.0,0.0,2.3978952727983707,21.897570722761174
598,D037572,1.0,1.0,0.0,11.0,0.0,0.0,0.0,2.3978952727983707,21.897570722761174
597,I843749,1.0,1.0,0.0,11.0,0.0,0.0,0.0,2.3978952727983707,21.897570722761174
596,I067654,1.0,1.0,0.0,11.0,0.0,0.0,0.0,2.3978952727983707,21.897570722761174
595,D032706,1.0,1.0,0.0,11.0,0.0,0.0,0.0,2.3978952727983707,21.897570722761174
590,I817417,1.0,1.0,0.0,11.0,0.0,0.0,0.0,2.3978952727983707,21.897570722761174
592,I010687,1.0,1.0,0.0,11.0,0.0,0.0,0.0,2.3978952727983707,21.897570722761174
593,I071119,1.0,1.0,0.0,11.0,0.0,0.0,0.0,2.3978952727983707,21.897570722761174
594,I823106,1.0,1.0,0.0,11.0,0.0,0.0,0.0,2.3978952727983707,21.897570722761174
621,I078333,1.0,1.0,0.0,10.0,0.0,0.0,0.0,2.302585092994046,21.457972098523747
620,D053770,1.0,1.0,0.0,10.0,0.0,0.0,0.0,2.302585092994046,21.457972098523747
619,I840337,1.0,1.0,0.0,10.0,0.0,0.0,0.0,2.302585092994046,21.457972098523747
618,I807963,1.0,1.0,0.0,10.0,0.0,0.0,0.0,2.302585092994046,21.457972098523747
617,I338328,1.0,1.0,0.0,10.0,0.0,0.0,0.0,2.302585092994046,21.457972098523747
616,D033149,1.0,1.0,0.0,10.0,0.0,0.0,0.0,2.302585092994046,21.457972098523747
615,C5246981,1.0,1.0,0.0,10.0,0.0,0.0,0.0,2.302585092994046,21.457972098523747
614,D031206,1.0,1.0,0.0,10.0,0.0,0.0,0.0,2.302585092994046,21.457972098523747
613,D043213,1.0,1.0,0.0,10.0,0.0,0.0,0.0,2.302585092994046,21.457972098523747
612,I831058,1.0,1.0,0.0,10.0,0.0,0.0,0.0,2.302585092994046,21.457972098523747
611,D054387,1.0,1.0,0.0,10.0,0.0,0.0,0.0,2.302585092994046,21.457972098523747
610,I076562,1.0,1.0,0.0,10.0,0.0,0.0,0.0,2.302585092994046,21.457972098523747
609,I009661,1.0,1.0,0.0,10.0,0.0,0.0,0.0,2.302585092994046,21.457972098523747
608,I029737,1.0,1.0,0.0,10.0,0.0,0.0,0.0,2.302585092994046,21.457972098523747
632,I072321,1.0,1.0,0.0,9.0,0.0,0.0,0.0,2.1972245773362196,20.96129239030786
637,I810357,1.0,1.0,0.0,9.0,0.0,0.0,0.0,2.1972245773362196,20.96129239030786
636,I841971,1.0,1.0,0.0,9.0,0.0,0.0,0.0,2.1972245773362196,20.96129239030786
635,I819124,1.0,1.0,0.0,9.0,0.0,0.0,0.0,2.1972245773362196,20.96129239030786
634,I809144,1.0,1.0,0.0,9.0,0.0,0.0,0.0,2.1972245773362196,20.96129239030786
633,I856541,1.0,1.0,0.0,9.0,0.0,0.0,0.0,2.1972245773362196,20.96129239030786
625,I061634,1.0,1.0,0.0,9.0,0.0,0.0,0.0,2.1972245773362196,20.96129239030786
631,D025362,1.0,1.0,0.0,9.0,0.0,0.0,0.0,2.1972245773362196,20.96129239030786
629,I832586,1.0,1.0,0.0,9.0,0.0,0.0,0.0,2.1972245773362196,20.96129239030786
628,I859132,1.0,1.0,0.0,9.0,0.0,0.0,0.0,2.1972245773362196,20.96129239030786
627,I805904,1.0,1.0,0.0,9.0,0.0,0.0,0.0,2.1972245773362196,20.96129239030786
626,I824826,1.0,1.0,0.0,9.0,0.0,0.0,0.0,2.1972245773362196,20.96129239030786
630,I052533,1.0,1.0,0.0,9.0,0.0,0.0,0.0,2.1972245773362196,20.96129239030786
624,I812018,1.0,1.0,0.0,9.0,0.0,0.0,0.0,2.1972245773362196,20.96129239030786
623,D027998,1.0,1.0,0.0,9.0,0.0,0.0,0.0,2.1972245773362196,20.96129239030786
622,I815562,1.0,1.0,0.0,9.0,0.0,0.0,0.0,2.1972245773362196,20.96129239030786
646,D022487,1.0,1.0,0.0,8.0,0.0,0.0,0.0,2.0794415416798357,20.391735523102675
648,I318985,1.0,1.0,0.0,8.0,0.0,0.0,0.0,2.0794415416798357,20.391735523102675
647,I814741,1.0,1.0,0.0,8.0,0.0,0.0,0.0,2.0794415416798357,20.391735523102675
645,C5227762,1.0,1.0,0.0,8.0,0.0,0.0,0.0,2.0794415416798357,20.391735523102675
644,I006552,1.0,1.0,0.0,8.0,0.0,0.0,0.0,2.0794415416798357,20.391735523102675
643,D038231,1.0,1.0,0.0,8.0,0.0,0.0,0.0,2.0794415416798357,20.391735523102675
642,D064096,1.0,1.0,0.0,8.0,0.0,0.0,0.0,2.0794415416798357,20.391735523102675
641,I062399,1.0,1.0,0.0,8.0,0.0,0.0,0.0,2.0794415416798357,20.391735523102675
640,I063825,1.0,1.0,0.0,8.0,0.0,0.0,0.0,2.0794415416798357,20.391735523102675
639,D056769,1.0,1.0,0.0,8.0,0.0,0.0,0.0,2.0794415416798357,20.391735523102675
638,I854784,1.0,1.0,0.0,8.0,0.0,0.0,0.0,2.0794415416798357,20.391735523102675
658,D038423,1.0,1.0,0.0,7.0,0.0,0.0,0.0,1.9459101490553132,19.726145106250154
661,I826433,1.0,1.0,0.0,7.0,0.0,0.0,0.0,1.9459101490553132,19.726145106250154
660,D050761,1.0,1.0,0.0,7.0,0.0,0.0,0.0,1.9459101490553132,19.726145106250154
659,I804065,1.0,1.0,0.0,7.0,0.0,0.0,0.0,1.9459101490553132,19.726145106250154
652,C5265339,1.0,1.0,0.0,7.0,0.0,0.0,0.0,1.9459101490553132,19.726145106250154
657,I833471,1.0,1.0,0.0,7.0,0.0,0.0,0.0,1.9459101490553132,19.726145106250154
656,D043256,1.0,1.0,0.0,7.0,0.0,0.0,0.0,1.9459101490553132,19.726145106250154
655,I827466,1.0,1.0,0.0,7.0,0.0,0.0,0.0,1.9459101490553132,19.726145106250154
654,I834746,1.0,1.0,0.0,7.0,0.0,0.0,0.0,1.9459101490553132,19.726145106250154
653,D034328,1.0,1.0,0.0,7.0,0.0,0.0,0.0,1.9459101490553132,19.726145106250154
651,I325981,1.0,1.0,0.0,7.0,0.0,0.0,0.0,1.9459101490553132,19.726145106250154
650,I800782,1.0,1.0,0.0,7.0,0.0,0.0,0.0,1.9459101490553132,19.726145106250154
649,I839314,1.0,1.0,0.0,7.0,0.0,0.0,0.0,1.9459101490553132,19.726145106250154
672,I856317,1.0,1.0,0.0,6.0,0.0,0.0,0.0,1.791759469228055,18.928695549809508
677,I818235,1.0,1.0,0.0,6.0,0.0,0.0,0.0,1.791759469228055,18.928695549809508
676,I071705,1.0,1.0,0.0,6.0,0.0,0.0,0.0,1.791759469228055,18.928695549809508
675,I828519,1.0,1.0,0.0,6.0,0.0,0.0,0.0,1.791759469228055,18.928695549809508
674,I062776,1.0,1.0,0.0,6.0,0.0,0.0,0.0,1.791759469228055,18.928695549809508
673,I038845,1.0,1.0,0.0,6.0,0.0,0.0,0.0,1.791759469228055,18.928695549809508
739,C5259290,1.0,0.0,0.0,6.0,0.0,0.0,0.0,1.791759469228055,18.928695549809508
671,I850217,1.0,1.0,0.0,6.0,0.0,0.0,0.0,1.791759469228055,18.928695549809508
669,D046248,1.0,1.0,0.0,6.0,0.0,0.0,0.0,1.791759469228055,18.928695549809508
668,D067011,1.0,1.0,0.0,6.0,0.0,0.0,0.0,1.791759469228055,18.928695549809508
667,I005296,1.0,1.0,0.0,6.0,0.0,0.0,0.0,1.791759469228055,18.928695549809508
670,I023250,1.0,1.0,0.0,6.0,0.0,0.0,0.0,1.791759469228055,18.928695549809508
666,I818149,1.0,1.0,0.0,6.0,0.0,0.0,0.0,1.791759469228055,18.928695549809508
665,I015933,1.0,1.0,0.0,6.0,0.0,0.0,0.0,1.791759469228055,18.928695549809508
664,D063368,1.0,1.0,0.0,6.0,0.0,0.0,0.0,1.791759469228055,18.928695549809508
663,D051484,1.0,1.0,0.0,6.0,0.0,0.0,0.0,1.791759469228055,18.928695549809508
662,D062484,1.0,1.0,0.0,6.0,0.0,0.0,0.0,1.791759469228055,18.928695549809508
687,I021670,1.0,1.0,0.0,5.0,0.0,0.0,0.0,1.6094379124341003,17.93981439981011
690,I049374,1.0,1.0,0.0,5.0,0.0,0.0,0.0,1.6094379124341003,17.93981439981011
689,D003274,1.0,1.0,0.0,5.0,0.0,0.0,0.0,1.6094379124341003,17.93981439981011
688,I030290,1.0,1.0,0.0,5.0,0.0,0.0,0.0,1.6094379124341003,17.93981439981011
686,I056842,1.0,1.0,0.0,5.0,0.0,0.0,0.0,1.6094379124341003,17.93981439981011
685,I849868,1.0,1.0,0.0,5.0,0.0,0.0,0.0,1.6094379124341003,17.93981439981011
684,I825776,1.0,1.0,0.0,5.0,0.0,0.0,0.0,1.6094379124341003,17.93981439981011
683,I860311,1.0,1.0,0.0,5.0,0.0,0.0,0.0,1.6094379124341003,17.93981439981011
682,D031907,1.0,1.0,0.0,5.0,0.0,0.0,0.0,1.6094379124341003,17.93981439981011
681,I843729,1.0,1.0,0.0,5.0,0.0,0.0,0.0,1.6094379124341003,17.93981439981011
680,I054323,1.0,1.0,0.0,5.0,0.0,0.0,0.0,1.6094379124341003,17.93981439981011
679,D023055,1.0,1.0,0.0,5.0,0.0,0.0,0.0,1.6094379124341003,17.93981439981011
678,I821302,1.0,1.0,0.0,5.0,0.0,0.0,0.0,1.6094379124341003,17.93981439981011
703,I835092,1.0,1.0,0.0,4.0,0.0,0.0,0.0,1.3862943611198906,16.64978233379579
710,I003794,1.0,1.0,0.0,4.0,0.0,0.0,0.0,1.3862943611198906,16.64978233379579
709,I041263,1.0,1.0,0.0,4.0,0.0,0.0,0.0,1.3862943611198906,16.64978233379579
708,D055164,1.0,1.0,0.0,4.0,0.0,0.0,0.0,1.3862943611198906,16.64978233379579
707,I054346,1.0,1.0,0.0,4.0,0.0,0.0,0.0,1.3862943611198906,16.64978233379579
705,D050519,1.0,1.0,0.0,4.0,0.0,0.0,0.0,1.3862943611198906,16.64978233379579
704,D055506,1.0,1.0,0.0,4.0,0.0,0.0,0.0,1.3862943611198906,16.64978233379579
706,I822500,1.0,1.0,0.0,4.0,0.0,0.0,0.0,1.3862943611198906,16.64978233379579
702,I855827,1.0,1.0,0.0,4.0,0.0,0.0,0.0,1.3862943611198906,16.64978233379579
701,I060548,1.0,1.0,0.0,4.0,0.0,0.0,0.0,1.3862943611198906,16.64978233379579
700,I052282,1.0,1.0,0.0,4.0,0.0,0.0,0.0,1.3862943611198906,16.64978233379579
699,I018748,1.0,1.0,0.0,4.0,0.0,0.0,0.0,1.3862943611198906,16.64978233379579
698,I332247,1.0,1.0,0.0,4.0,0.0,0.0,0.0,1.3862943611198906,16.64978233379579
697,I807056,1.0,1.0,0.0,4.0,0.0,0.0,0.0,1.3862943611198906,16.64978233379579
696,I300975,1.0,1.0,0.0,4.0,0.0,0.0,0.0,1.3862943611198906,16.64978233379579
691,I837322,1.0,1.0,0.0,4.0,0.0,0.0,0.0,1.3862943611198906,16.64978233379579
692,I808711,1.0,1.0,0.0,4.0,0.0,0.0,0.0,1.3862943611198906,16.64978233379579
693,I064531,1.0,1.0,0.0,4.0,0.0,0.0,0.0,1.3862943611198906,16.64978233379579
694,I023739,1.0,1.0,0.0,4.0,0.0,0.0,0.0,1.3862943611198906,16.64978233379579
695,I313894,1.0,1.0,0.0,4.0,0.0,0.0,0.0,1.3862943611198906,16.64978233379579
378,I856961,1.0,1.0,1.0,3.0,0.0,0.0,0.0,1.0986122886681098,14.821871991620664
711,I014348,1.0,1.0,0.0,3.0,0.0,0.0,0.0,1.0986122886681098,14.821871991620664
712,I034826,1.0,1.0,0.0,3.0,0.0,0.0,0.0,1.0986122886681098,14.821871991620664
713,D043379,1.0,1.0,0.0,3.0,0.0,0.0,0.0,1.0986122886681098,14.821871991620664
716,I051245,1.0,1.0,0.0,3.0,0.0,0.0,0.0,1.0986122886681098,14.821871991620664
714,I829006,1.0,1.0,0.0,3.0,0.0,0.0,0.0,1.0986122886681098,14.821871991620664
715,I812601,1.0,1.0,0.0,3.0,0.0,0.0,0.0,1.0986122886681098,14.821871991620664
717,I033028,1.0,1.0,0.0,2.0,0.0,0.0,0.0,0.6931471805599453,11.773173993506985
718,I040625,1.0,1.0,0.0,2.0,0.0,0.0,0.0,0.6931471805599453,11.773173993506985
722,I817864,1.0,1.0,0.0,2.0,0.0,0.0,0.0,0.6931471805599453,11.773173993506985
725,I311381,1.0,1.0,0.0,2.0,0.0,0.0,0.0,0.6931471805599453,11.773173993506985
724,D023191,1.0,1.0,0.0,2.0,0.0,0.0,0.0,0.6931471805599453,11.773173993506985
723,I057867,1.0,1.0,0.0,2.0,0.0,0.0,0.0,0.6931471805599453,11.773173993506985
721,I841367,1.0,1.0,0.0,2.0,0.0,0.0,0.0,0.6931471805599453,11.773173993506985
720,I055783,1.0,1.0,0.0,2.0,0.0,0.0,0.0,0.6931471805599453,11.773173993506985
719,I313775,1.0,1.0,0.0,2.0,0.0,0.0,0.0,0.6931471805599453,11.773173993506985
726,I824394,1.0,1.0,0.0,1.0,0.0,0.0,0.0,0.0,0.0
727,I050967,1.0,1.0,0.0,1.0,0.0,0.0,0.0,0.0,0.0
729,I863637,1.0,1.0,0.0,0.0,0.0,0.0,0.0,0.0,0.0
730,D030219,1.0,1.0,0.0,0.0,0.0,0.0,0.0,0.0,0.0
731,D025582,1.0,1.0,0.0,0.0,0.0,0.0,0.0,0.0,0.0
732,D024848,1.0,1.0,0.0,0.0,0.0,0.0,0.0,0.0,0.0
733,I828625,1.0,1.0,0.0,0.0,0.0,0.0,0.0,0.0,0.0
728,I342860,1.0,1.0,0.0,1.0,0.0,0.0,0.0,0.0,0.0
